From,To,Type,SourceFile
"C:\Users\kidsg\Downloads\Documentation\ADDS Original Files\19.0\Adds\acadline.cs","Adds","Using","C:\Users\kidsg\Downloads\Documentation\ADDS Original Files\19.0\Adds\acadline.cs"
"Adds.AcadLine","Adds.AcadLine.DrawBoxGTC","MethodCall","C:\Users\kidsg\Downloads\Documentation\ADDS Original Files\19.0\Adds\acadline.cs"
"Adds.AcadLine","Adds.AcadLine.DrawPolylineFromSeed","MethodCall","C:\Users\kidsg\Downloads\Documentation\ADDS Original Files\19.0\Adds\acadline.cs"
"Adds.AcadLine","Adds.AcadLine.DrawPolylineFromFile1","MethodCall","C:\Users\kidsg\Downloads\Documentation\ADDS Original Files\19.0\Adds\acadline.cs"
"Adds.AcadLine","Adds.AcadLine.DrawPolyline_Old","MethodCall","C:\Users\kidsg\Downloads\Documentation\ADDS Original Files\19.0\Adds\acadline.cs"
"Adds.AcadLine","Adds.AcadLine.DrawPanel","MethodCall","C:\Users\kidsg\Downloads\Documentation\ADDS Original Files\19.0\Adds\acadline.cs"
"Adds.AcadLine","Adds.AcadLine.CheckPolylineVertices","MethodCall","C:\Users\kidsg\Downloads\Documentation\ADDS Original Files\19.0\Adds\acadline.cs"
"Adds.AcadLine","Adds.AcadLine.FixVertices","MethodCall","C:\Users\kidsg\Downloads\Documentation\ADDS Original Files\19.0\Adds\acadline.cs"
"Adds.AcadLine","Adds.AcadLine.TestWriteLines","MethodCall","C:\Users\kidsg\Downloads\Documentation\ADDS Original Files\19.0\Adds\acadline.cs"
"Adds.AcadLine","Adds.AcadLine.ReadVerticesToFile","MethodCall","C:\Users\kidsg\Downloads\Documentation\ADDS Original Files\19.0\Adds\acadline.cs"
"Adds.AcadLine","Adds.AcadLine.ReadMultFromFiles","MethodCall","C:\Users\kidsg\Downloads\Documentation\ADDS Original Files\19.0\Adds\acadline.cs"
"Adds.AcadLine","Adds.AcadLine.RemoveVerticesPickTwoPoints","MethodCall","C:\Users\kidsg\Downloads\Documentation\ADDS Original Files\19.0\Adds\acadline.cs"
"Adds.AcadLine","Adds.AcadLine.JoinPloylines","MethodCall","C:\Users\kidsg\Downloads\Documentation\ADDS Original Files\19.0\Adds\acadline.cs"
"Adds.AcadLine","Adds.AcadLine.GetLineInfoFromStomp","MethodCall","C:\Users\kidsg\Downloads\Documentation\ADDS Original Files\19.0\Adds\acadline.cs"
"Adds.AcadLine","Adds.AcadLine.DrawPanelFeeders","MethodCall","C:\Users\kidsg\Downloads\Documentation\ADDS Original Files\19.0\Adds\acadline.cs"
"Adds.AcadLine","Adds.AcadLine.DrawPolylineFromFileSp","MethodCall","C:\Users\kidsg\Downloads\Documentation\ADDS Original Files\19.0\Adds\acadline.cs"
"Adds.AcadLine","Adds.AcadLine.DrawPolyLine","MethodCall","C:\Users\kidsg\Downloads\Documentation\ADDS Original Files\19.0\Adds\acadline.cs"
"Adds.AcadLine","Adds.AcadLine.GetStartPointData","MethodCall","C:\Users\kidsg\Downloads\Documentation\ADDS Original Files\19.0\Adds\acadline.cs"
"Adds.AcadLine","Adds.AcadLine.GetEndPointData","MethodCall","C:\Users\kidsg\Downloads\Documentation\ADDS Original Files\19.0\Adds\acadline.cs"
"Adds.AcadLine","Adds.AcadLine.GetPolyLineInfo","MethodCall","C:\Users\kidsg\Downloads\Documentation\ADDS Original Files\19.0\Adds\acadline.cs"
"Adds.AcadLine","Adds.AcadLine.GetPloylineInfoFromAddsDB","MethodCall","C:\Users\kidsg\Downloads\Documentation\ADDS Original Files\19.0\Adds\acadline.cs"
"C:\Users\kidsg\Downloads\Documentation\ADDS Original Files\19.0\Adds\acadsymbol.cs","Adds","Using","C:\Users\kidsg\Downloads\Documentation\ADDS Original Files\19.0\Adds\acadsymbol.cs"
"Adds.AcadSymbol","Adds.AcadSymbol.BlocksOnTop","MethodCall","C:\Users\kidsg\Downloads\Documentation\ADDS Original Files\19.0\Adds\acadsymbol.cs"
"Adds.AcadSymbol","Adds.AcadSymbol.CheckAttributesFunction","MethodCall","C:\Users\kidsg\Downloads\Documentation\ADDS Original Files\19.0\Adds\acadsymbol.cs"
"Adds.AcadSymbol","Adds.AcadSymbol.CheckAttributes","MethodCall","C:\Users\kidsg\Downloads\Documentation\ADDS Original Files\19.0\Adds\acadsymbol.cs"
"Adds.AcadSymbol","Adds.AcadSymbol.FixAttributes","MethodCall","C:\Users\kidsg\Downloads\Documentation\ADDS Original Files\19.0\Adds\acadsymbol.cs"
"Adds.AcadSymbol","Adds.AcadSymbol.InsertAddsBlock","MethodCall","C:\Users\kidsg\Downloads\Documentation\ADDS Original Files\19.0\Adds\acadsymbol.cs"
"Adds.AcadSymbol","Adds.AcadSymbol.ReplaceBlock","MethodCall","C:\Users\kidsg\Downloads\Documentation\ADDS Original Files\19.0\Adds\acadsymbol.cs"
"Adds.AcadSymbol","Adds.AcadSymbol.GetBasicEntityInfoFromDwg","MethodCall","C:\Users\kidsg\Downloads\Documentation\ADDS Original Files\19.0\Adds\acadsymbol.cs"
"Adds.AcadSymbol","Adds.AcadSymbol.WriteSwitchesToFile","MethodCall","C:\Users\kidsg\Downloads\Documentation\ADDS Original Files\19.0\Adds\acadsymbol.cs"
"Adds.AcadSymbol","Adds.AcadSymbol.WriteGISBlocksTo","MethodCall","C:\Users\kidsg\Downloads\Documentation\ADDS Original Files\19.0\Adds\acadsymbol.cs"
"Adds.AcadSymbol","Adds.AcadSymbol.DrawSwsFromFile","MethodCall","C:\Users\kidsg\Downloads\Documentation\ADDS Original Files\19.0\Adds\acadsymbol.cs"
"Adds.AcadSymbol","Adds.AcadSymbol.DrawSubsFromFile","MethodCall","C:\Users\kidsg\Downloads\Documentation\ADDS Original Files\19.0\Adds\acadsymbol.cs"
"Adds.AcadSymbol","Adds.AcadSymbol.PickFirstTest","MethodCall","C:\Users\kidsg\Downloads\Documentation\ADDS Original Files\19.0\Adds\acadsymbol.cs"
"Adds.AcadSymbol","Adds.AcadSymbol.DrawPanelSymbols","MethodCall","C:\Users\kidsg\Downloads\Documentation\ADDS Original Files\19.0\Adds\acadsymbol.cs"
"Adds.AcadSymbol","Adds.AcadSymbol.GetFacitlyInfoFromStomp","MethodCall","C:\Users\kidsg\Downloads\Documentation\ADDS Original Files\19.0\Adds\acadsymbol.cs"
"Adds.AcadSymbol","Adds.AcadSymbol.GetSwitchInfoFromStomp","MethodCall","C:\Users\kidsg\Downloads\Documentation\ADDS Original Files\19.0\Adds\acadsymbol.cs"
"Adds.AcadSymbol","Adds.AcadSymbol.GetSymbolInfoFromAddsDB","MethodCall","C:\Users\kidsg\Downloads\Documentation\ADDS Original Files\19.0\Adds\acadsymbol.cs"
"Adds.AcadSymbol","Adds.AcadSymbol.GetSymbolInformation","MethodCall","C:\Users\kidsg\Downloads\Documentation\ADDS Original Files\19.0\Adds\acadsymbol.cs"
"Adds.AcadSymbol","Adds.AcadSymbol.GetTableRecordId","MethodCall","C:\Users\kidsg\Downloads\Documentation\ADDS Original Files\19.0\Adds\acadsymbol.cs"
"Adds.AcadSymbol","Adds.AcadSymbol.CheckGCCSubBlock","MethodCall","C:\Users\kidsg\Downloads\Documentation\ADDS Original Files\19.0\Adds\acadsymbol.cs"
"Adds.AcadSymbol","Adds.AcadSymbol.InsertBlock","MethodCall","C:\Users\kidsg\Downloads\Documentation\ADDS Original Files\19.0\Adds\acadsymbol.cs"
"Adds.AcadSymbol","Adds.AcadSymbol.InsertGap","MethodCall","C:\Users\kidsg\Downloads\Documentation\ADDS Original Files\19.0\Adds\acadsymbol.cs"
"Adds.AcadSymbol","Adds.AcadSymbol.InsertBlockGap","MethodCall","C:\Users\kidsg\Downloads\Documentation\ADDS Original Files\19.0\Adds\acadsymbol.cs"
"C:\Users\kidsg\Downloads\Documentation\ADDS Original Files\19.0\Adds\acadtext.cs","Adds","Using","C:\Users\kidsg\Downloads\Documentation\ADDS Original Files\19.0\Adds\acadtext.cs"
"Adds.AcadText","Adds.AcadText.CreateDataLink","MethodCall","C:\Users\kidsg\Downloads\Documentation\ADDS Original Files\19.0\Adds\acadtext.cs"
"Adds.AcadText","Adds.AcadText.AddTextToDWG","MethodCall","C:\Users\kidsg\Downloads\Documentation\ADDS Original Files\19.0\Adds\acadtext.cs"
"Adds.AcadText","Adds.AcadText.DrawPanelText","MethodCall","C:\Users\kidsg\Downloads\Documentation\ADDS Original Files\19.0\Adds\acadtext.cs"
"Adds.AcadText","Adds.AcadText.GetTextInfoFromAddsDB","MethodCall","C:\Users\kidsg\Downloads\Documentation\ADDS Original Files\19.0\Adds\acadtext.cs"
"Adds.AcadText","Adds.AcadText.GetTextInfoFromTMap","MethodCall","C:\Users\kidsg\Downloads\Documentation\ADDS Original Files\19.0\Adds\acadtext.cs"
"C:\Users\kidsg\Downloads\Documentation\ADDS Original Files\19.0\Adds\adds.cs","Adds","Using","C:\Users\kidsg\Downloads\Documentation\ADDS Original Files\19.0\Adds\adds.cs"
"Adds.Adds","Acad.IExtensionApplication","Inheritance","C:\Users\kidsg\Downloads\Documentation\ADDS Original Files\19.0\Adds\adds.cs"
"Adds.GripVectorOverrule","AcadDB.GripOverrule","Inheritance","C:\Users\kidsg\Downloads\Documentation\ADDS Original Files\19.0\Adds\adds.cs"
"Adds.Adds","Adds.Adds.Initialize","MethodCall","C:\Users\kidsg\Downloads\Documentation\ADDS Original Files\19.0\Adds\adds.cs"
"Adds.Adds","Adds.Adds.Terminate","MethodCall","C:\Users\kidsg\Downloads\Documentation\ADDS Original Files\19.0\Adds\adds.cs"
"Adds.Adds","Adds.Adds.acedGetSym","MethodCall","C:\Users\kidsg\Downloads\Documentation\ADDS Original Files\19.0\Adds\adds.cs"
"Adds.Adds","Adds.Adds.acedPutSym","MethodCall","C:\Users\kidsg\Downloads\Documentation\ADDS Original Files\19.0\Adds\adds.cs"
"Adds.Adds","Adds.Adds.acedEvaluateLisp","MethodCall","C:\Users\kidsg\Downloads\Documentation\ADDS Original Files\19.0\Adds\adds.cs"
"Adds.Adds","Adds.Adds.ads_queueexpr","MethodCall","C:\Users\kidsg\Downloads\Documentation\ADDS Original Files\19.0\Adds\adds.cs"
"Adds.Adds","Adds.Adds.acdbGetAdsName","MethodCall","C:\Users\kidsg\Downloads\Documentation\ADDS Original Files\19.0\Adds\adds.cs"
"Adds.Adds","Adds.Adds.acdbEntUpd","MethodCall","C:\Users\kidsg\Downloads\Documentation\ADDS Original Files\19.0\Adds\adds.cs"
"Adds.Adds","Adds.Adds.ETTest","MethodCall","C:\Users\kidsg\Downloads\Documentation\ADDS Original Files\19.0\Adds\adds.cs"
"Adds.Adds","Adds.Adds.DrawHiddenLine","MethodCall","C:\Users\kidsg\Downloads\Documentation\ADDS Original Files\19.0\Adds\adds.cs"
"Adds.Adds","Adds.Adds.DrawSeqSwLine","MethodCall","C:\Users\kidsg\Downloads\Documentation\ADDS Original Files\19.0\Adds\adds.cs"
"Adds.Adds","Adds.Adds.GetFeederData","MethodCall","C:\Users\kidsg\Downloads\Documentation\ADDS Original Files\19.0\Adds\adds.cs"
"Adds.Adds","Adds.Adds.GetPanelIdLut","MethodCall","C:\Users\kidsg\Downloads\Documentation\ADDS Original Files\19.0\Adds\adds.cs"
"Adds.Adds","Adds.Adds.GetSubPosLUT","MethodCall","C:\Users\kidsg\Downloads\Documentation\ADDS Original Files\19.0\Adds\adds.cs"
"Adds.Adds","Adds.Adds.GetFeederCor","MethodCall","C:\Users\kidsg\Downloads\Documentation\ADDS Original Files\19.0\Adds\adds.cs"
"Adds.Adds","Adds.Adds.GetSubstationCor","MethodCall","C:\Users\kidsg\Downloads\Documentation\ADDS Original Files\19.0\Adds\adds.cs"
"Adds.Adds","Adds.Adds.GetSwitchCor","MethodCall","C:\Users\kidsg\Downloads\Documentation\ADDS Original Files\19.0\Adds\adds.cs"
"Adds.Adds","Adds.Adds.GetSubCor","MethodCall","C:\Users\kidsg\Downloads\Documentation\ADDS Original Files\19.0\Adds\adds.cs"
"Adds.Adds","Adds.Adds.GetSymbolEntryInfo","MethodCall","C:\Users\kidsg\Downloads\Documentation\ADDS Original Files\19.0\Adds\adds.cs"
"Adds.Adds","Adds.Adds.GetSymbolInfo","MethodCall","C:\Users\kidsg\Downloads\Documentation\ADDS Original Files\19.0\Adds\adds.cs"
"Adds.Adds","Adds.Adds.GetAddsMasterDevicesNotInPanel","MethodCall","C:\Users\kidsg\Downloads\Documentation\ADDS Original Files\19.0\Adds\adds.cs"
"Adds.Adds","Adds.Adds.CheckMasterDevicesFor","MethodCall","C:\Users\kidsg\Downloads\Documentation\ADDS Original Files\19.0\Adds\adds.cs"
"Adds.Adds","Adds.Adds.CheckPanelExist","MethodCall","C:\Users\kidsg\Downloads\Documentation\ADDS Original Files\19.0\Adds\adds.cs"
"Adds.Adds","Adds.Adds.InsertSOPSymbol","MethodCall","C:\Users\kidsg\Downloads\Documentation\ADDS Original Files\19.0\Adds\adds.cs"
"Adds.Adds","Adds.Adds.InsertIERSymbol","MethodCall","C:\Users\kidsg\Downloads\Documentation\ADDS Original Files\19.0\Adds\adds.cs"
"Adds.Adds","Adds.Adds.InsertATSSymbol","MethodCall","C:\Users\kidsg\Downloads\Documentation\ADDS Original Files\19.0\Adds\adds.cs"
"Adds.Adds","Adds.Adds.MonitorWorkSpaceChanges","MethodCall","C:\Users\kidsg\Downloads\Documentation\ADDS Original Files\19.0\Adds\adds.cs"
"Adds.Adds","Adds.Adds.acApp_SystemVariableChanged","MethodCall","C:\Users\kidsg\Downloads\Documentation\ADDS Original Files\19.0\Adds\adds.cs"
"Adds.Adds","Adds.Adds.UpdateRootPaths","MethodCall","C:\Users\kidsg\Downloads\Documentation\ADDS Original Files\19.0\Adds\adds.cs"
"Adds.Adds","Adds.Adds.SavePanel","MethodCall","C:\Users\kidsg\Downloads\Documentation\ADDS Original Files\19.0\Adds\adds.cs"
"Adds.Adds","Adds.Adds.DeleteOldLocalFiles","MethodCall","C:\Users\kidsg\Downloads\Documentation\ADDS Original Files\19.0\Adds\adds.cs"
"Adds.Adds","Adds.Adds.ShowPal","MethodCall","C:\Users\kidsg\Downloads\Documentation\ADDS Original Files\19.0\Adds\adds.cs"
"Adds.Adds","Adds.Adds.AcadGetSystemVariable","MethodCall","C:\Users\kidsg\Downloads\Documentation\ADDS Original Files\19.0\Adds\adds.cs"
"Adds.Adds","Adds.Adds.AcadPutSym","MethodCall","C:\Users\kidsg\Downloads\Documentation\ADDS Original Files\19.0\Adds\adds.cs"
"Adds.Adds","Adds.Adds.SetStoredXData","MethodCall","C:\Users\kidsg\Downloads\Documentation\ADDS Original Files\19.0\Adds\adds.cs"
"Adds.Adds","Adds.Adds.CreateDwgLink","MethodCall","C:\Users\kidsg\Downloads\Documentation\ADDS Original Files\19.0\Adds\adds.cs"
"Adds.Adds","Adds.Adds.AcadLispFunction","MethodCall","C:\Users\kidsg\Downloads\Documentation\ADDS Original Files\19.0\Adds\adds.cs"
"Adds.Adds","Adds.Adds.ProcessInputParameters","MethodCall","C:\Users\kidsg\Downloads\Documentation\ADDS Original Files\19.0\Adds\adds.cs"
"Adds.Adds","Adds.Adds.CompareFileDate","MethodCall","C:\Users\kidsg\Downloads\Documentation\ADDS Original Files\19.0\Adds\adds.cs"
"Adds.Adds","Adds.Adds.GetInsertionPoint","MethodCall","C:\Users\kidsg\Downloads\Documentation\ADDS Original Files\19.0\Adds\adds.cs"
"Adds.Adds","Adds.Adds.AddRegAppTableRecord","MethodCall","C:\Users\kidsg\Downloads\Documentation\ADDS Original Files\19.0\Adds\adds.cs"
"Adds.Adds","Adds.Adds.GetBlockInsertionPt","MethodCall","C:\Users\kidsg\Downloads\Documentation\ADDS Original Files\19.0\Adds\adds.cs"
"Adds.Adds","Adds.Adds.InsertSymbol","MethodCall","C:\Users\kidsg\Downloads\Documentation\ADDS Original Files\19.0\Adds\adds.cs"
"Adds.Adds","Adds.Adds.GetDeviceID","MethodCall","C:\Users\kidsg\Downloads\Documentation\ADDS Original Files\19.0\Adds\adds.cs"
"Adds.Adds","Adds.Adds.GetStorDate","MethodCall","C:\Users\kidsg\Downloads\Documentation\ADDS Original Files\19.0\Adds\adds.cs"
"Adds.Adds","Adds.Adds.BuildConnectionString","MethodCall","C:\Users\kidsg\Downloads\Documentation\ADDS Original Files\19.0\Adds\adds.cs"
"Adds.Adds","Adds.Adds.BuildConnectionString","MethodCall","C:\Users\kidsg\Downloads\Documentation\ADDS Original Files\19.0\Adds\adds.cs"
"Adds.GripVectorOverrule","Adds.GripVectorOverrule.GetKey","MethodCall","C:\Users\kidsg\Downloads\Documentation\ADDS Original Files\19.0\Adds\adds.cs"
"Adds.GripVectorOverrule","Adds.GripVectorOverrule.OnGripStatusChanged","MethodCall","C:\Users\kidsg\Downloads\Documentation\ADDS Original Files\19.0\Adds\adds.cs"
"Adds.GripVectorOverrule","Adds.GripVectorOverrule.GripOverrideOnOff","MethodCall","C:\Users\kidsg\Downloads\Documentation\ADDS Original Files\19.0\Adds\adds.cs"
"C:\Users\kidsg\Downloads\Documentation\ADDS Original Files\19.0\Adds\addsplot.cs","Adds","Using","C:\Users\kidsg\Downloads\Documentation\ADDS Original Files\19.0\Adds\addsplot.cs"
"Adds.Adds","Adds.Adds.DisplayPlotCustomsForm","MethodCall","C:\Users\kidsg\Downloads\Documentation\ADDS Original Files\19.0\Adds\addsplot.cs"
"Adds.Adds","Adds.Adds.DisplayPlotDef","MethodCall","C:\Users\kidsg\Downloads\Documentation\ADDS Original Files\19.0\Adds\addsplot.cs"
"Adds.Adds","Adds.Adds.DisplayPlotDefMain","MethodCall","C:\Users\kidsg\Downloads\Documentation\ADDS Original Files\19.0\Adds\addsplot.cs"
"Adds.Adds","Adds.Adds.DisplayPlotGroupDef","MethodCall","C:\Users\kidsg\Downloads\Documentation\ADDS Original Files\19.0\Adds\addsplot.cs"
"Adds.Adds","Adds.Adds.GetPlotDefByPlotName","MethodCall","C:\Users\kidsg\Downloads\Documentation\ADDS Original Files\19.0\Adds\addsplot.cs"
"Adds.Adds","Adds.Adds.GetPlotDefsByPlotGroup","MethodCall","C:\Users\kidsg\Downloads\Documentation\ADDS Original Files\19.0\Adds\addsplot.cs"
"Adds.Adds","Adds.Adds.GetPlotsDefsByPanelDate","MethodCall","C:\Users\kidsg\Downloads\Documentation\ADDS Original Files\19.0\Adds\addsplot.cs"
"Adds.Adds","Adds.Adds.AddPlotDef","MethodCall","C:\Users\kidsg\Downloads\Documentation\ADDS Original Files\19.0\Adds\addsplot.cs"
"Adds.Adds","Adds.Adds.AddPlotGroup","MethodCall","C:\Users\kidsg\Downloads\Documentation\ADDS Original Files\19.0\Adds\addsplot.cs"
"Adds.Adds","Adds.Adds.AddUpdatePlotDefCustoms","MethodCall","C:\Users\kidsg\Downloads\Documentation\ADDS Original Files\19.0\Adds\addsplot.cs"
"Adds.Adds","Adds.Adds.DeletePlotDef","MethodCall","C:\Users\kidsg\Downloads\Documentation\ADDS Original Files\19.0\Adds\addsplot.cs"
"Adds.Adds","Adds.Adds.DeletePlotGroup","MethodCall","C:\Users\kidsg\Downloads\Documentation\ADDS Original Files\19.0\Adds\addsplot.cs"
"Adds.Adds","Adds.Adds.GetCustomsAll","MethodCall","C:\Users\kidsg\Downloads\Documentation\ADDS Original Files\19.0\Adds\addsplot.cs"
"Adds.Adds","Adds.Adds.GetPlotDefCustoms","MethodCall","C:\Users\kidsg\Downloads\Documentation\ADDS Original Files\19.0\Adds\addsplot.cs"
"Adds.Adds","Adds.Adds.GetPlotDefsByPlotGroup","MethodCall","C:\Users\kidsg\Downloads\Documentation\ADDS Original Files\19.0\Adds\addsplot.cs"
"Adds.Adds","Adds.Adds.GetPlotExtents","MethodCall","C:\Users\kidsg\Downloads\Documentation\ADDS Original Files\19.0\Adds\addsplot.cs"
"Adds.Adds","Adds.Adds.GetPlotGroupNames","MethodCall","C:\Users\kidsg\Downloads\Documentation\ADDS Original Files\19.0\Adds\addsplot.cs"
"Adds.Adds","Adds.Adds.GetPlotGroupsByPlotDef","MethodCall","C:\Users\kidsg\Downloads\Documentation\ADDS Original Files\19.0\Adds\addsplot.cs"
"Adds.Adds","Adds.Adds.GetPlotGroupsByPlotDefCount","MethodCall","C:\Users\kidsg\Downloads\Documentation\ADDS Original Files\19.0\Adds\addsplot.cs"
"Adds.Adds","Adds.Adds.GetPlots","MethodCall","C:\Users\kidsg\Downloads\Documentation\ADDS Original Files\19.0\Adds\addsplot.cs"
"Adds.Adds","Adds.Adds.UpdateAddsDef","MethodCall","C:\Users\kidsg\Downloads\Documentation\ADDS Original Files\19.0\Adds\addsplot.cs"
"Adds.Adds","Adds.Adds.UpdatedAddsDefOverides","MethodCall","C:\Users\kidsg\Downloads\Documentation\ADDS Original Files\19.0\Adds\addsplot.cs"
"C:\Users\kidsg\Downloads\Documentation\ADDS Original Files\19.0\Adds\AttributeFuncts.cs","AddsAttribFuncts","Using","C:\Users\kidsg\Downloads\Documentation\ADDS Original Files\19.0\Adds\AttributeFuncts.cs"
"C:\Users\kidsg\Downloads\Documentation\ADDS Original Files\19.0\Adds\AttributeFuncts.cs","AttributeFuncts","Using","C:\Users\kidsg\Downloads\Documentation\ADDS Original Files\19.0\Adds\AttributeFuncts.cs"
"AddsAttribFuncts.TextJig","DrawJig","Inheritance","C:\Users\kidsg\Downloads\Documentation\ADDS Original Files\19.0\Adds\AttributeFuncts.cs"
"AddsAttribFuncts.MovementJig","DrawJig","Inheritance","C:\Users\kidsg\Downloads\Documentation\ADDS Original Files\19.0\Adds\AttributeFuncts.cs"
"AddsAttribFuncts.RotationJig","DrawJig","Inheritance","C:\Users\kidsg\Downloads\Documentation\ADDS Original Files\19.0\Adds\AttributeFuncts.cs"
"AddsAttribFuncts.Functs","AddsAttribFuncts.Functs.MovAttr","MethodCall","C:\Users\kidsg\Downloads\Documentation\ADDS Original Files\19.0\Adds\AttributeFuncts.cs"
"AddsAttribFuncts.Functs","AddsAttribFuncts.Functs.RotAttr","MethodCall","C:\Users\kidsg\Downloads\Documentation\ADDS Original Files\19.0\Adds\AttributeFuncts.cs"
"AddsAttribFuncts.Functs","AddsAttribFuncts.Functs.MovRotAttr","MethodCall","C:\Users\kidsg\Downloads\Documentation\ADDS Original Files\19.0\Adds\AttributeFuncts.cs"
"AddsAttribFuncts.Functs","AddsAttribFuncts.Functs.RotMovAttr","MethodCall","C:\Users\kidsg\Downloads\Documentation\ADDS Original Files\19.0\Adds\AttributeFuncts.cs"
"AddsAttribFuncts.Functs","AddsAttribFuncts.Functs.LevAttr","MethodCall","C:\Users\kidsg\Downloads\Documentation\ADDS Original Files\19.0\Adds\AttributeFuncts.cs"
"AddsAttribFuncts.Functs","AddsAttribFuncts.Functs.LevMovAttr","MethodCall","C:\Users\kidsg\Downloads\Documentation\ADDS Original Files\19.0\Adds\AttributeFuncts.cs"
"AddsAttribFuncts.Functs","AddsAttribFuncts.Functs.AttributesToTextList","MethodCall","C:\Users\kidsg\Downloads\Documentation\ADDS Original Files\19.0\Adds\AttributeFuncts.cs"
"AddsAttribFuncts.Functs","AddsAttribFuncts.Functs.AttributesToTextListNotVisible","MethodCall","C:\Users\kidsg\Downloads\Documentation\ADDS Original Files\19.0\Adds\AttributeFuncts.cs"
"AddsAttribFuncts.TextJigCommands","AddsAttribFuncts.TextJigCommands.TextJigMove","MethodCall","C:\Users\kidsg\Downloads\Documentation\ADDS Original Files\19.0\Adds\AttributeFuncts.cs"
"AddsAttribFuncts.TextJig","AddsAttribFuncts.TextJig.Sampler","MethodCall","C:\Users\kidsg\Downloads\Documentation\ADDS Original Files\19.0\Adds\AttributeFuncts.cs"
"AddsAttribFuncts.TextJig","AddsAttribFuncts.TextJig.WorldDraw","MethodCall","C:\Users\kidsg\Downloads\Documentation\ADDS Original Files\19.0\Adds\AttributeFuncts.cs"
"AddsAttribFuncts.MovementJig","AddsAttribFuncts.MovementJig.AddEntity","MethodCall","C:\Users\kidsg\Downloads\Documentation\ADDS Original Files\19.0\Adds\AttributeFuncts.cs"
"AddsAttribFuncts.MovementJig","AddsAttribFuncts.MovementJig.WorldDraw","MethodCall","C:\Users\kidsg\Downloads\Documentation\ADDS Original Files\19.0\Adds\AttributeFuncts.cs"
"AddsAttribFuncts.MovementJig","AddsAttribFuncts.MovementJig.Sampler","MethodCall","C:\Users\kidsg\Downloads\Documentation\ADDS Original Files\19.0\Adds\AttributeFuncts.cs"
"AddsAttribFuncts.MovementJig","AddsAttribFuncts.MovementJig.Jig","MethodCall","C:\Users\kidsg\Downloads\Documentation\ADDS Original Files\19.0\Adds\AttributeFuncts.cs"
"AddsAttribFuncts.RotationJig","AddsAttribFuncts.RotationJig.AddEntity","MethodCall","C:\Users\kidsg\Downloads\Documentation\ADDS Original Files\19.0\Adds\AttributeFuncts.cs"
"AddsAttribFuncts.RotationJig","AddsAttribFuncts.RotationJig.WorldDraw","MethodCall","C:\Users\kidsg\Downloads\Documentation\ADDS Original Files\19.0\Adds\AttributeFuncts.cs"
"AddsAttribFuncts.RotationJig","AddsAttribFuncts.RotationJig.Sampler","MethodCall","C:\Users\kidsg\Downloads\Documentation\ADDS Original Files\19.0\Adds\AttributeFuncts.cs"
"AddsAttribFuncts.RotationJig","AddsAttribFuncts.RotationJig.Jig","MethodCall","C:\Users\kidsg\Downloads\Documentation\ADDS Original Files\19.0\Adds\AttributeFuncts.cs"
"AddsAttribFuncts.AttribHolder","AddsAttribFuncts.AttribHolder.ToDBText","MethodCall","C:\Users\kidsg\Downloads\Documentation\ADDS Original Files\19.0\Adds\AttributeFuncts.cs"
"AttributeFuncts.AttribFuncts","AttributeFuncts.AttribFuncts.SelectBlock","MethodCall","C:\Users\kidsg\Downloads\Documentation\ADDS Original Files\19.0\Adds\AttributeFuncts.cs"
"AttributeFuncts.AttribFuncts","AttributeFuncts.AttribFuncts.MoveAttrib","MethodCall","C:\Users\kidsg\Downloads\Documentation\ADDS Original Files\19.0\Adds\AttributeFuncts.cs"
"AttributeFuncts.AttribFuncts","AttributeFuncts.AttribFuncts.RotateAttrib","MethodCall","C:\Users\kidsg\Downloads\Documentation\ADDS Original Files\19.0\Adds\AttributeFuncts.cs"
"AttributeFuncts.AttribFuncts","AttributeFuncts.AttribFuncts.MoveRotAttrib","MethodCall","C:\Users\kidsg\Downloads\Documentation\ADDS Original Files\19.0\Adds\AttributeFuncts.cs"
"AttributeFuncts.AttribFuncts","AttributeFuncts.AttribFuncts.RotMoveAttrib","MethodCall","C:\Users\kidsg\Downloads\Documentation\ADDS Original Files\19.0\Adds\AttributeFuncts.cs"
"AttributeFuncts.AttribFuncts","AttributeFuncts.AttribFuncts.LevelAttrib","MethodCall","C:\Users\kidsg\Downloads\Documentation\ADDS Original Files\19.0\Adds\AttributeFuncts.cs"
"AttributeFuncts.AttribFuncts","AttributeFuncts.AttribFuncts.DegreesToRadians","MethodCall","C:\Users\kidsg\Downloads\Documentation\ADDS Original Files\19.0\Adds\AttributeFuncts.cs"
"AttributeFuncts.AttribFuncts","AttributeFuncts.AttribFuncts.RadiansToDegrees","MethodCall","C:\Users\kidsg\Downloads\Documentation\ADDS Original Files\19.0\Adds\AttributeFuncts.cs"
"AttributeFuncts.AttribFuncts","AttributeFuncts.AttribFuncts.DrawCircle","MethodCall","C:\Users\kidsg\Downloads\Documentation\ADDS Original Files\19.0\Adds\AttributeFuncts.cs"
"AttributeFuncts.AttribFuncts","AttributeFuncts.AttribFuncts.ReturnAngleRad","MethodCall","C:\Users\kidsg\Downloads\Documentation\ADDS Original Files\19.0\Adds\AttributeFuncts.cs"
"AttributeFuncts.AttribFuncts","AttributeFuncts.AttribFuncts.MoveAndLevelAttribute","MethodCall","C:\Users\kidsg\Downloads\Documentation\ADDS Original Files\19.0\Adds\AttributeFuncts.cs"
"AttributeFuncts.AttribFuncts","AttributeFuncts.AttribFuncts.HoldAttributes","MethodCall","C:\Users\kidsg\Downloads\Documentation\ADDS Original Files\19.0\Adds\AttributeFuncts.cs"
"AttributeFuncts.AttribFuncts","AttributeFuncts.AttribFuncts.karlgetAttributePoints","MethodCall","C:\Users\kidsg\Downloads\Documentation\ADDS Original Files\19.0\Adds\AttributeFuncts.cs"
"AttributeFuncts.AttribFuncts","AttributeFuncts.AttribFuncts.getAttributePoints","MethodCall","C:\Users\kidsg\Downloads\Documentation\ADDS Original Files\19.0\Adds\AttributeFuncts.cs"
"AttributeFuncts.AttribFuncts","AttributeFuncts.AttribFuncts.getMid3d","MethodCall","C:\Users\kidsg\Downloads\Documentation\ADDS Original Files\19.0\Adds\AttributeFuncts.cs"
"AttributeFuncts.AttribFuncts","AttributeFuncts.AttribFuncts.LevelAttList","MethodCall","C:\Users\kidsg\Downloads\Documentation\ADDS Original Files\19.0\Adds\AttributeFuncts.cs"
"AddsAttribFuncts.MovementJig","AddsAttribFuncts.MovementJig.Location","PropertyAccess","C:\Users\kidsg\Downloads\Documentation\ADDS Original Files\19.0\Adds\AttributeFuncts.cs"
"AddsAttribFuncts.MovementJig","AddsAttribFuncts.MovementJig.Base","PropertyAccess","C:\Users\kidsg\Downloads\Documentation\ADDS Original Files\19.0\Adds\AttributeFuncts.cs"
"AddsAttribFuncts.MovementJig","AddsAttribFuncts.MovementJig.AcEditor","PropertyAccess","C:\Users\kidsg\Downloads\Documentation\ADDS Original Files\19.0\Adds\AttributeFuncts.cs"
"AddsAttribFuncts.MovementJig","AddsAttribFuncts.MovementJig.UCS","PropertyAccess","C:\Users\kidsg\Downloads\Documentation\ADDS Original Files\19.0\Adds\AttributeFuncts.cs"
"AddsAttribFuncts.MovementJig","AddsAttribFuncts.MovementJig.Transformation","PropertyAccess","C:\Users\kidsg\Downloads\Documentation\ADDS Original Files\19.0\Adds\AttributeFuncts.cs"
"AddsAttribFuncts.RotationJig","AddsAttribFuncts.RotationJig.Angle","PropertyAccess","C:\Users\kidsg\Downloads\Documentation\ADDS Original Files\19.0\Adds\AttributeFuncts.cs"
"AddsAttribFuncts.RotationJig","AddsAttribFuncts.RotationJig.Base","PropertyAccess","C:\Users\kidsg\Downloads\Documentation\ADDS Original Files\19.0\Adds\AttributeFuncts.cs"
"AddsAttribFuncts.RotationJig","AddsAttribFuncts.RotationJig.AcEditor","PropertyAccess","C:\Users\kidsg\Downloads\Documentation\ADDS Original Files\19.0\Adds\AttributeFuncts.cs"
"AddsAttribFuncts.RotationJig","AddsAttribFuncts.RotationJig.UCS","PropertyAccess","C:\Users\kidsg\Downloads\Documentation\ADDS Original Files\19.0\Adds\AttributeFuncts.cs"
"AddsAttribFuncts.RotationJig","AddsAttribFuncts.RotationJig.Transformation","PropertyAccess","C:\Users\kidsg\Downloads\Documentation\ADDS Original Files\19.0\Adds\AttributeFuncts.cs"
"AddsAttribFuncts.AttribHolder","AddsAttribFuncts.AttribHolder.Tag","PropertyAccess","C:\Users\kidsg\Downloads\Documentation\ADDS Original Files\19.0\Adds\AttributeFuncts.cs"
"AddsAttribFuncts.AttribHolder","AddsAttribFuncts.AttribHolder.AttValue","PropertyAccess","C:\Users\kidsg\Downloads\Documentation\ADDS Original Files\19.0\Adds\AttributeFuncts.cs"
"AddsAttribFuncts.AttribHolder","AddsAttribFuncts.AttribHolder.Position","PropertyAccess","C:\Users\kidsg\Downloads\Documentation\ADDS Original Files\19.0\Adds\AttributeFuncts.cs"
"AddsAttribFuncts.AttribHolder","AddsAttribFuncts.AttribHolder.AlignmentPoint","PropertyAccess","C:\Users\kidsg\Downloads\Documentation\ADDS Original Files\19.0\Adds\AttributeFuncts.cs"
"AddsAttribFuncts.AttribHolder","AddsAttribFuncts.AttribHolder.Rotation","PropertyAccess","C:\Users\kidsg\Downloads\Documentation\ADDS Original Files\19.0\Adds\AttributeFuncts.cs"
"AddsAttribFuncts.AttribHolder","AddsAttribFuncts.AttribHolder.TextStyleID","PropertyAccess","C:\Users\kidsg\Downloads\Documentation\ADDS Original Files\19.0\Adds\AttributeFuncts.cs"
"AddsAttribFuncts.AttribHolder","AddsAttribFuncts.AttribHolder.Justification","PropertyAccess","C:\Users\kidsg\Downloads\Documentation\ADDS Original Files\19.0\Adds\AttributeFuncts.cs"
"AddsAttribFuncts.AttribHolder","AddsAttribFuncts.AttribHolder.Backwards","PropertyAccess","C:\Users\kidsg\Downloads\Documentation\ADDS Original Files\19.0\Adds\AttributeFuncts.cs"
"AddsAttribFuncts.AttribHolder","AddsAttribFuncts.AttribHolder.Upsidedown","PropertyAccess","C:\Users\kidsg\Downloads\Documentation\ADDS Original Files\19.0\Adds\AttributeFuncts.cs"
"AddsAttribFuncts.AttribHolder","AddsAttribFuncts.AttribHolder.WidthFactor","PropertyAccess","C:\Users\kidsg\Downloads\Documentation\ADDS Original Files\19.0\Adds\AttributeFuncts.cs"
"AddsAttribFuncts.AttribHolder","AddsAttribFuncts.AttribHolder.ObliqueAngle","PropertyAccess","C:\Users\kidsg\Downloads\Documentation\ADDS Original Files\19.0\Adds\AttributeFuncts.cs"
"AddsAttribFuncts.AttribHolder","AddsAttribFuncts.AttribHolder.TextHeight","PropertyAccess","C:\Users\kidsg\Downloads\Documentation\ADDS Original Files\19.0\Adds\AttributeFuncts.cs"
"AddsAttribFuncts.AttribHolder","AddsAttribFuncts.AttribHolder.ColorIndex","PropertyAccess","C:\Users\kidsg\Downloads\Documentation\ADDS Original Files\19.0\Adds\AttributeFuncts.cs"
"C:\Users\kidsg\Downloads\Documentation\ADDS Original Files\19.0\Adds\jigs.cs","Adds","Using","C:\Users\kidsg\Downloads\Documentation\ADDS Original Files\19.0\Adds\jigs.cs"
"Adds.TextJig","AcadEd.EntityJig","Inheritance","C:\Users\kidsg\Downloads\Documentation\ADDS Original Files\19.0\Adds\jigs.cs"
"Adds.PlineJig","AcadEd.EntityJig","Inheritance","C:\Users\kidsg\Downloads\Documentation\ADDS Original Files\19.0\Adds\jigs.cs"
"Adds.BlockJig","AcadEd.EntityJig","Inheritance","C:\Users\kidsg\Downloads\Documentation\ADDS Original Files\19.0\Adds\jigs.cs"
"Adds.BlockJig2","AcadEd.EntityJig","Inheritance","C:\Users\kidsg\Downloads\Documentation\ADDS Original Files\19.0\Adds\jigs.cs"
"Adds.TextJig","Adds.TextJig.Sampler","MethodCall","C:\Users\kidsg\Downloads\Documentation\ADDS Original Files\19.0\Adds\jigs.cs"
"Adds.TextJig","Adds.TextJig.Update","MethodCall","C:\Users\kidsg\Downloads\Documentation\ADDS Original Files\19.0\Adds\jigs.cs"
"Adds.TextJig","Adds.TextJig.GetEntity","MethodCall","C:\Users\kidsg\Downloads\Documentation\ADDS Original Files\19.0\Adds\jigs.cs"
"Adds.TextJig","Adds.TextJig.Run","MethodCall","C:\Users\kidsg\Downloads\Documentation\ADDS Original Files\19.0\Adds\jigs.cs"
"Adds.PlineJig","Adds.PlineJig.Sampler","MethodCall","C:\Users\kidsg\Downloads\Documentation\ADDS Original Files\19.0\Adds\jigs.cs"
"Adds.PlineJig","Adds.PlineJig.Update","MethodCall","C:\Users\kidsg\Downloads\Documentation\ADDS Original Files\19.0\Adds\jigs.cs"
"Adds.PlineJig","Adds.PlineJig.GetEntity","MethodCall","C:\Users\kidsg\Downloads\Documentation\ADDS Original Files\19.0\Adds\jigs.cs"
"Adds.PlineJig","Adds.PlineJig.AddLatestVertex","MethodCall","C:\Users\kidsg\Downloads\Documentation\ADDS Original Files\19.0\Adds\jigs.cs"
"Adds.PlineJig","Adds.PlineJig.RemoveLastVertex","MethodCall","C:\Users\kidsg\Downloads\Documentation\ADDS Original Files\19.0\Adds\jigs.cs"
"Adds.BlockJig","Adds.BlockJig.Sampler","MethodCall","C:\Users\kidsg\Downloads\Documentation\ADDS Original Files\19.0\Adds\jigs.cs"
"Adds.BlockJig","Adds.BlockJig.Update","MethodCall","C:\Users\kidsg\Downloads\Documentation\ADDS Original Files\19.0\Adds\jigs.cs"
"Adds.BlockJig","Adds.BlockJig.GetEntity","MethodCall","C:\Users\kidsg\Downloads\Documentation\ADDS Original Files\19.0\Adds\jigs.cs"
"Adds.BlockJig2","Adds.BlockJig2.Update","MethodCall","C:\Users\kidsg\Downloads\Documentation\ADDS Original Files\19.0\Adds\jigs.cs"
"Adds.BlockJig2","Adds.BlockJig2.Sampler","MethodCall","C:\Users\kidsg\Downloads\Documentation\ADDS Original Files\19.0\Adds\jigs.cs"
"Adds.BlockJig2","Adds.BlockJig2.Run","MethodCall","C:\Users\kidsg\Downloads\Documentation\ADDS Original Files\19.0\Adds\jigs.cs"
"Adds.TextJig","Adds.TextJig.Position","PropertyAccess","C:\Users\kidsg\Downloads\Documentation\ADDS Original Files\19.0\Adds\jigs.cs"
"Adds.AttInfo","Adds.AttInfo.Position","PropertyAccess","C:\Users\kidsg\Downloads\Documentation\ADDS Original Files\19.0\Adds\jigs.cs"
"Adds.AttInfo","Adds.AttInfo.Alignment","PropertyAccess","C:\Users\kidsg\Downloads\Documentation\ADDS Original Files\19.0\Adds\jigs.cs"
"Adds.AttInfo","Adds.AttInfo.IsAligned","PropertyAccess","C:\Users\kidsg\Downloads\Documentation\ADDS Original Files\19.0\Adds\jigs.cs"
"Adds.AttInfo","Adds.AttInfo.Rotation","PropertyAccess","C:\Users\kidsg\Downloads\Documentation\ADDS Original Files\19.0\Adds\jigs.cs"
"C:\Users\kidsg\Downloads\Documentation\ADDS Original Files\19.0\Adds\pcircuitlist.cs","Adds","Using","C:\Users\kidsg\Downloads\Documentation\ADDS Original Files\19.0\Adds\pcircuitlist.cs"
"Adds.pCircuitList","UserControl","Inheritance","C:\Users\kidsg\Downloads\Documentation\ADDS Original Files\19.0\Adds\pcircuitlist.cs"
"Adds.pCircuitList","Adds.pCircuitList.btnDoIt_Click","MethodCall","C:\Users\kidsg\Downloads\Documentation\ADDS Original Files\19.0\Adds\pcircuitlist.cs"
"Adds.pCircuitList","Adds.pCircuitList.btnGetCircuit_Click","MethodCall","C:\Users\kidsg\Downloads\Documentation\ADDS Original Files\19.0\Adds\pcircuitlist.cs"
"Adds.pCircuitList","Adds.pCircuitList.GetCircuitData","MethodCall","C:\Users\kidsg\Downloads\Documentation\ADDS Original Files\19.0\Adds\pcircuitlist.cs"
"Adds.pCircuitList","Adds.pCircuitList.printOutSSData","MethodCall","C:\Users\kidsg\Downloads\Documentation\ADDS Original Files\19.0\Adds\pcircuitlist.cs"
"Adds.pCircuitList","Adds.pCircuitList.HighlightEntities","MethodCall","C:\Users\kidsg\Downloads\Documentation\ADDS Original Files\19.0\Adds\pcircuitlist.cs"
"Adds.pCircuitList","Adds.pCircuitList.listBox1_DragEnter","MethodCall","C:\Users\kidsg\Downloads\Documentation\ADDS Original Files\19.0\Adds\pcircuitlist.cs"
"Adds.pCircuitList","Adds.pCircuitList.listBox1_DragOver","MethodCall","C:\Users\kidsg\Downloads\Documentation\ADDS Original Files\19.0\Adds\pcircuitlist.cs"
"Adds.pCircuitList","Adds.pCircuitList.listBox1_DragDrop","MethodCall","C:\Users\kidsg\Downloads\Documentation\ADDS Original Files\19.0\Adds\pcircuitlist.cs"
"Adds.pCircuitList","Adds.pCircuitList.DecodeEntity","MethodCall","C:\Users\kidsg\Downloads\Documentation\ADDS Original Files\19.0\Adds\pcircuitlist.cs"
"Adds.pCircuitList","Adds.pCircuitList.GetBlockDescr","MethodCall","C:\Users\kidsg\Downloads\Documentation\ADDS Original Files\19.0\Adds\pcircuitlist.cs"
"Adds.pCircuitList","Adds.pCircuitList.GetSubStationDesc","MethodCall","C:\Users\kidsg\Downloads\Documentation\ADDS Original Files\19.0\Adds\pcircuitlist.cs"
"Adds.pCircuitList","Adds.pCircuitList.GetFeederBreaker","MethodCall","C:\Users\kidsg\Downloads\Documentation\ADDS Original Files\19.0\Adds\pcircuitlist.cs"
"C:\Users\kidsg\Downloads\Documentation\ADDS Original Files\19.0\Adds\pcircuitlist.designer.cs","Adds","Using","C:\Users\kidsg\Downloads\Documentation\ADDS Original Files\19.0\Adds\pcircuitlist.designer.cs"
"Adds.pCircuitList","Adds.pCircuitList.Dispose","MethodCall","C:\Users\kidsg\Downloads\Documentation\ADDS Original Files\19.0\Adds\pcircuitlist.designer.cs"
"Adds.pCircuitList","Adds.pCircuitList.InitializeComponent","MethodCall","C:\Users\kidsg\Downloads\Documentation\ADDS Original Files\19.0\Adds\pcircuitlist.designer.cs"
"C:\Users\kidsg\Downloads\Documentation\ADDS Original Files\19.0\Adds\polylineinfo.cs","Adds","Using","C:\Users\kidsg\Downloads\Documentation\ADDS Original Files\19.0\Adds\polylineinfo.cs"
"Adds.PolylineInfo","Adds.PolylineInfo.Entity","PropertyAccess","C:\Users\kidsg\Downloads\Documentation\ADDS Original Files\19.0\Adds\polylineinfo.cs"
"Adds.PolylineInfo","Adds.PolylineInfo.EntityName","PropertyAccess","C:\Users\kidsg\Downloads\Documentation\ADDS Original Files\19.0\Adds\polylineinfo.cs"
"Adds.PolylineInfo","Adds.PolylineInfo.DxfEntityName","PropertyAccess","C:\Users\kidsg\Downloads\Documentation\ADDS Original Files\19.0\Adds\polylineinfo.cs"
"Adds.PolylineInfo","Adds.PolylineInfo.LayerName","PropertyAccess","C:\Users\kidsg\Downloads\Documentation\ADDS Original Files\19.0\Adds\polylineinfo.cs"
"Adds.PolylineInfo","Adds.PolylineInfo.Thickness","PropertyAccess","C:\Users\kidsg\Downloads\Documentation\ADDS Original Files\19.0\Adds\polylineinfo.cs"
"Adds.PolylineInfo","Adds.PolylineInfo.SlopeInRads","PropertyAccess","C:\Users\kidsg\Downloads\Documentation\ADDS Original Files\19.0\Adds\polylineinfo.cs"
"Adds.PolylineInfo","Adds.PolylineInfo.SlopeInDegs","PropertyAccess","C:\Users\kidsg\Downloads\Documentation\ADDS Original Files\19.0\Adds\polylineinfo.cs"
"Adds.PolylineInfo","Adds.PolylineInfo.SlopePerpendicularInRads","PropertyAccess","C:\Users\kidsg\Downloads\Documentation\ADDS Original Files\19.0\Adds\polylineinfo.cs"
"Adds.PolylineInfo","Adds.PolylineInfo.SlopePerpendicularInDegs","PropertyAccess","C:\Users\kidsg\Downloads\Documentation\ADDS Original Files\19.0\Adds\polylineinfo.cs"
"Adds.PolylineInfo","Adds.PolylineInfo.PickedPoint","PropertyAccess","C:\Users\kidsg\Downloads\Documentation\ADDS Original Files\19.0\Adds\polylineinfo.cs"
"Adds.PolylineInfo","Adds.PolylineInfo.ClosestPoint","PropertyAccess","C:\Users\kidsg\Downloads\Documentation\ADDS Original Files\19.0\Adds\polylineinfo.cs"
"Adds.PolylineInfo","Adds.PolylineInfo.StartPoint","PropertyAccess","C:\Users\kidsg\Downloads\Documentation\ADDS Original Files\19.0\Adds\polylineinfo.cs"
"Adds.PolylineInfo","Adds.PolylineInfo.EndPoint","PropertyAccess","C:\Users\kidsg\Downloads\Documentation\ADDS Original Files\19.0\Adds\polylineinfo.cs"
"Adds.PolylineInfo","Adds.PolylineInfo.Type","PropertyAccess","C:\Users\kidsg\Downloads\Documentation\ADDS Original Files\19.0\Adds\polylineinfo.cs"
"Adds.PolylineInfo","Adds.PolylineInfo.Voltage","PropertyAccess","C:\Users\kidsg\Downloads\Documentation\ADDS Original Files\19.0\Adds\polylineinfo.cs"
"Adds.PolylineInfo","Adds.PolylineInfo.PlantLoc","PropertyAccess","C:\Users\kidsg\Downloads\Documentation\ADDS Original Files\19.0\Adds\polylineinfo.cs"
"Adds.PolylineInfo","Adds.PolylineInfo.LineID","PropertyAccess","C:\Users\kidsg\Downloads\Documentation\ADDS Original Files\19.0\Adds\polylineinfo.cs"
"Adds.PolylineInfo","Adds.PolylineInfo.DeviceID","PropertyAccess","C:\Users\kidsg\Downloads\Documentation\ADDS Original Files\19.0\Adds\polylineinfo.cs"
"Adds.PolylineInfo","Adds.PolylineInfo.OverRideColorNumber","PropertyAccess","C:\Users\kidsg\Downloads\Documentation\ADDS Original Files\19.0\Adds\polylineinfo.cs"
"Adds.PolylineInfo","Adds.PolylineInfo.OverRideLineWeight","PropertyAccess","C:\Users\kidsg\Downloads\Documentation\ADDS Original Files\19.0\Adds\polylineinfo.cs"
"C:\Users\kidsg\Downloads\Documentation\ADDS Original Files\19.0\Adds\SCS.cs","Adds","Using","C:\Users\kidsg\Downloads\Documentation\ADDS Original Files\19.0\Adds\SCS.cs"
"Adds.SCS","Adds.SCS.DisplaySplash","MethodCall","C:\Users\kidsg\Downloads\Documentation\ADDS Original Files\19.0\Adds\SCS.cs"
"Adds.SCS","Adds.SCS.GetCurOraData","MethodCall","C:\Users\kidsg\Downloads\Documentation\ADDS Original Files\19.0\Adds\SCS.cs"
"Adds.SCS","Adds.SCS.PutNewOraData","MethodCall","C:\Users\kidsg\Downloads\Documentation\ADDS Original Files\19.0\Adds\SCS.cs"
"Adds.SCS","Adds.SCS.GetPanel_ID","MethodCall","C:\Users\kidsg\Downloads\Documentation\ADDS Original Files\19.0\Adds\SCS.cs"
"Adds.SCS","Adds.SCS.GetDevByID","MethodCall","C:\Users\kidsg\Downloads\Documentation\ADDS Original Files\19.0\Adds\SCS.cs"
"Adds.SCS","Adds.SCS.doc_LispEnd","MethodCall","C:\Users\kidsg\Downloads\Documentation\ADDS Original Files\19.0\Adds\SCS.cs"
"Adds.SCS","Adds.SCS.ChkDev_ID_Exist","MethodCall","C:\Users\kidsg\Downloads\Documentation\ADDS Original Files\19.0\Adds\SCS.cs"
"Adds.SCS","Adds.SCS.GetNext_ID","MethodCall","C:\Users\kidsg\Downloads\Documentation\ADDS Original Files\19.0\Adds\SCS.cs"
"Adds.SCS","Adds.SCS.MyLoginObj","MethodCall","C:\Users\kidsg\Downloads\Documentation\ADDS Original Files\19.0\Adds\SCS.cs"
"Adds.SCS","Adds.SCS.ProcessSaveParameters","MethodCall","C:\Users\kidsg\Downloads\Documentation\ADDS Original Files\19.0\Adds\SCS.cs"
"C:\Users\kidsg\Downloads\Documentation\ADDS Original Files\19.0\Adds\symbolobject.cs","Adds","Using","C:\Users\kidsg\Downloads\Documentation\ADDS Original Files\19.0\Adds\symbolobject.cs"
"Adds.SymbolInformation","Adds.SymbolInformation.BlockName","PropertyAccess","C:\Users\kidsg\Downloads\Documentation\ADDS Original Files\19.0\Adds\symbolobject.cs"
"Adds.SymbolInformation","Adds.SymbolInformation.Description","PropertyAccess","C:\Users\kidsg\Downloads\Documentation\ADDS Original Files\19.0\Adds\symbolobject.cs"
"Adds.SymbolInformation","Adds.SymbolInformation.Class","PropertyAccess","C:\Users\kidsg\Downloads\Documentation\ADDS Original Files\19.0\Adds\symbolobject.cs"
"Adds.SymbolInformation","Adds.SymbolInformation.Function","PropertyAccess","C:\Users\kidsg\Downloads\Documentation\ADDS Original Files\19.0\Adds\symbolobject.cs"
"Adds.SymbolInformation","Adds.SymbolInformation.LayerType","PropertyAccess","C:\Users\kidsg\Downloads\Documentation\ADDS Original Files\19.0\Adds\symbolobject.cs"
"Adds.SymbolInformation","Adds.SymbolInformation.EMBSymbolNumber","PropertyAccess","C:\Users\kidsg\Downloads\Documentation\ADDS Original Files\19.0\Adds\symbolobject.cs"
"Adds.SymbolInformation","Adds.SymbolInformation.SymbolSize","PropertyAccess","C:\Users\kidsg\Downloads\Documentation\ADDS Original Files\19.0\Adds\symbolobject.cs"
"Adds.SymbolInformation","Adds.SymbolInformation.AttributeSize","PropertyAccess","C:\Users\kidsg\Downloads\Documentation\ADDS Original Files\19.0\Adds\symbolobject.cs"
"Adds.SymbolInformation","Adds.SymbolInformation.GapSize","PropertyAccess","C:\Users\kidsg\Downloads\Documentation\ADDS Original Files\19.0\Adds\symbolobject.cs"
"Adds.SymbolInformation","Adds.SymbolInformation.GapType","PropertyAccess","C:\Users\kidsg\Downloads\Documentation\ADDS Original Files\19.0\Adds\symbolobject.cs"
"C:\Users\kidsg\Downloads\Documentation\ADDS Original Files\19.0\Adds\utilities.cs","Adds","Using","C:\Users\kidsg\Downloads\Documentation\ADDS Original Files\19.0\Adds\utilities.cs"
"Adds.AcadMessageFilter","IMessageFilter","Inheritance","C:\Users\kidsg\Downloads\Documentation\ADDS Original Files\19.0\Adds\utilities.cs"
"Adds.Utilities","Adds.Utilities.ChangeToFixedText","MethodCall","C:\Users\kidsg\Downloads\Documentation\ADDS Original Files\19.0\Adds\utilities.cs"
"Adds.Utilities","Adds.Utilities.CheckURLPath","MethodCall","C:\Users\kidsg\Downloads\Documentation\ADDS Original Files\19.0\Adds\utilities.cs"
"Adds.Utilities","Adds.Utilities.CreateDataLink","MethodCall","C:\Users\kidsg\Downloads\Documentation\ADDS Original Files\19.0\Adds\utilities.cs"
"Adds.Utilities","Adds.Utilities.ChangeMultipleObjectLayer","MethodCall","C:\Users\kidsg\Downloads\Documentation\ADDS Original Files\19.0\Adds\utilities.cs"
"Adds.Utilities","Adds.Utilities.FindEED","MethodCall","C:\Users\kidsg\Downloads\Documentation\ADDS Original Files\19.0\Adds\utilities.cs"
"Adds.Utilities","Adds.Utilities.CompLstID","MethodCall","C:\Users\kidsg\Downloads\Documentation\ADDS Original Files\19.0\Adds\utilities.cs"
"Adds.Utilities","Adds.Utilities.DrawingCose","MethodCall","C:\Users\kidsg\Downloads\Documentation\ADDS Original Files\19.0\Adds\utilities.cs"
"Adds.Utilities","Adds.Utilities.BlockPanelTest","MethodCall","C:\Users\kidsg\Downloads\Documentation\ADDS Original Files\19.0\Adds\utilities.cs"
"Adds.Utilities","Adds.Utilities.BreakPanel","MethodCall","C:\Users\kidsg\Downloads\Documentation\ADDS Original Files\19.0\Adds\utilities.cs"
"Adds.Utilities","Adds.Utilities.ChangeObjectLayerBySubSet","MethodCall","C:\Users\kidsg\Downloads\Documentation\ADDS Original Files\19.0\Adds\utilities.cs"
"Adds.Utilities","Adds.Utilities.GetDivision","MethodCall","C:\Users\kidsg\Downloads\Documentation\ADDS Original Files\19.0\Adds\utilities.cs"
"Adds.Utilities","Adds.Utilities.GetNewLayerNameBy","MethodCall","C:\Users\kidsg\Downloads\Documentation\ADDS Original Files\19.0\Adds\utilities.cs"
"Adds.Utilities","Adds.Utilities.ChangeObjectLayer","MethodCall","C:\Users\kidsg\Downloads\Documentation\ADDS Original Files\19.0\Adds\utilities.cs"
"Adds.Utilities","Adds.Utilities.SetupSubDB","MethodCall","C:\Users\kidsg\Downloads\Documentation\ADDS Original Files\19.0\Adds\utilities.cs"
"Adds.Utilities","Adds.Utilities.ConvertDMCSubToTrans","MethodCall","C:\Users\kidsg\Downloads\Documentation\ADDS Original Files\19.0\Adds\utilities.cs"
"Adds.Utilities","Adds.Utilities.CheckObjectColorFunction","MethodCall","C:\Users\kidsg\Downloads\Documentation\ADDS Original Files\19.0\Adds\utilities.cs"
"Adds.Utilities","Adds.Utilities.CheckObjectColor","MethodCall","C:\Users\kidsg\Downloads\Documentation\ADDS Original Files\19.0\Adds\utilities.cs"
"Adds.Utilities","Adds.Utilities.MakeLayer","MethodCall","C:\Users\kidsg\Downloads\Documentation\ADDS Original Files\19.0\Adds\utilities.cs"
"Adds.Utilities","Adds.Utilities.QueryObjectProperties","MethodCall","C:\Users\kidsg\Downloads\Documentation\ADDS Original Files\19.0\Adds\utilities.cs"
"Adds.Utilities","Adds.Utilities.ZoomExtents","MethodCall","C:\Users\kidsg\Downloads\Documentation\ADDS Original Files\19.0\Adds\utilities.cs"
"Adds.Utilities","Adds.Utilities.MonitorWblockEvents_Method","MethodCall","C:\Users\kidsg\Downloads\Documentation\ADDS Original Files\19.0\Adds\utilities.cs"
"Adds.Utilities","Adds.Utilities.SubscribeToDb","MethodCall","C:\Users\kidsg\Downloads\Documentation\ADDS Original Files\19.0\Adds\utilities.cs"
"Adds.Utilities","Adds.Utilities.db_BeginDeepClone","MethodCall","C:\Users\kidsg\Downloads\Documentation\ADDS Original Files\19.0\Adds\utilities.cs"
"Adds.Utilities","Adds.Utilities.db_DeepCloneEnded","MethodCall","C:\Users\kidsg\Downloads\Documentation\ADDS Original Files\19.0\Adds\utilities.cs"
"Adds.Utilities","Adds.Utilities.db_BeginWblockObjects","MethodCall","C:\Users\kidsg\Downloads\Documentation\ADDS Original Files\19.0\Adds\utilities.cs"
"Adds.Utilities","Adds.Utilities.db_BeginWblockSelectedObjects","MethodCall","C:\Users\kidsg\Downloads\Documentation\ADDS Original Files\19.0\Adds\utilities.cs"
"Adds.Utilities","Adds.Utilities.db_BeginWblockBlock","MethodCall","C:\Users\kidsg\Downloads\Documentation\ADDS Original Files\19.0\Adds\utilities.cs"
"Adds.Utilities","Adds.Utilities.db_WblockEnded","MethodCall","C:\Users\kidsg\Downloads\Documentation\ADDS Original Files\19.0\Adds\utilities.cs"
"Adds.Utilities","Adds.Utilities.db_WblockNotice","MethodCall","C:\Users\kidsg\Downloads\Documentation\ADDS Original Files\19.0\Adds\utilities.cs"
"Adds.Utilities","Adds.Utilities.CheckLayer","MethodCall","C:\Users\kidsg\Downloads\Documentation\ADDS Original Files\19.0\Adds\utilities.cs"
"Adds.Utilities","Adds.Utilities.CollectionStrips","MethodCall","C:\Users\kidsg\Downloads\Documentation\ADDS Original Files\19.0\Adds\utilities.cs"
"Adds.Utilities","Adds.Utilities.GetAddsColorNumFromEMBColor","MethodCall","C:\Users\kidsg\Downloads\Documentation\ADDS Original Files\19.0\Adds\utilities.cs"
"Adds.Utilities","Adds.Utilities.GetAddsVoltageCode","MethodCall","C:\Users\kidsg\Downloads\Documentation\ADDS Original Files\19.0\Adds\utilities.cs"
"Adds.Utilities","Adds.Utilities.GetNextDeviceID","MethodCall","C:\Users\kidsg\Downloads\Documentation\ADDS Original Files\19.0\Adds\utilities.cs"
"Adds.Utilities","Adds.Utilities.GetPanelMinMaxPts","MethodCall","C:\Users\kidsg\Downloads\Documentation\ADDS Original Files\19.0\Adds\utilities.cs"
"Adds.Utilities","Adds.Utilities.GetResults","MethodCall","C:\Users\kidsg\Downloads\Documentation\ADDS Original Files\19.0\Adds\utilities.cs"
"Adds.Utilities","Adds.Utilities.DecodeListParameter","MethodCall","C:\Users\kidsg\Downloads\Documentation\ADDS Original Files\19.0\Adds\utilities.cs"
"Adds.Utilities","Adds.Utilities.BuildList","MethodCall","C:\Users\kidsg\Downloads\Documentation\ADDS Original Files\19.0\Adds\utilities.cs"
"Adds.Utilities","Adds.Utilities.BuildListOfList","MethodCall","C:\Users\kidsg\Downloads\Documentation\ADDS Original Files\19.0\Adds\utilities.cs"
"Adds.Utilities","Adds.Utilities.PolarPoint","MethodCall","C:\Users\kidsg\Downloads\Documentation\ADDS Original Files\19.0\Adds\utilities.cs"
"Adds.Utilities","Adds.Utilities.CreateLayer","MethodCall","C:\Users\kidsg\Downloads\Documentation\ADDS Original Files\19.0\Adds\utilities.cs"
"Adds.Utilities","Adds.Utilities.EndACAD","MethodCall","C:\Users\kidsg\Downloads\Documentation\ADDS Original Files\19.0\Adds\utilities.cs"
"Adds.Utilities","Adds.Utilities.Encrypt","MethodCall","C:\Users\kidsg\Downloads\Documentation\ADDS Original Files\19.0\Adds\utilities.cs"
"Adds.Utilities","Adds.Utilities.Decrypt","MethodCall","C:\Users\kidsg\Downloads\Documentation\ADDS Original Files\19.0\Adds\utilities.cs"
"Adds.Utilities","Adds.Utilities.UnlockAllLayers","MethodCall","C:\Users\kidsg\Downloads\Documentation\ADDS Original Files\19.0\Adds\utilities.cs"
"Adds.Extensions","Adds.Extensions.LockOrUnlockAllLayers","MethodCall","C:\Users\kidsg\Downloads\Documentation\ADDS Original Files\19.0\Adds\utilities.cs"
"Adds.Extensions","Adds.Extensions.TurnOnOrOffAllLayers","MethodCall","C:\Users\kidsg\Downloads\Documentation\ADDS Original Files\19.0\Adds\utilities.cs"
"Adds.AcadMessageFilter","Adds.AcadMessageFilter.PreFilterMessage","MethodCall","C:\Users\kidsg\Downloads\Documentation\ADDS Original Files\19.0\Adds\utilities.cs"
"Adds.StringExtensions","Adds.StringExtensions.LimitString","MethodCall","C:\Users\kidsg\Downloads\Documentation\ADDS Original Files\19.0\Adds\utilities.cs"
"Adds.Utilities","Adds.Utilities.Device.ID","PropertyAccess","C:\Users\kidsg\Downloads\Documentation\ADDS Original Files\19.0\Adds\utilities.cs"
"C:\Users\kidsg\Downloads\Documentation\ADDS Original Files\19.0\Adds\BusinessEntity\Plot.cs","Adds","Using","C:\Users\kidsg\Downloads\Documentation\ADDS Original Files\19.0\Adds\BusinessEntity\Plot.cs"
"Adds.Plot","Adds.Plot.PldName","PropertyAccess","C:\Users\kidsg\Downloads\Documentation\ADDS Original Files\19.0\Adds\BusinessEntity\Plot.cs"
"Adds.Plot","Adds.Plot.DivName","PropertyAccess","C:\Users\kidsg\Downloads\Documentation\ADDS Original Files\19.0\Adds\BusinessEntity\Plot.cs"
"Adds.Plot","Adds.Plot.CordFileType","PropertyAccess","C:\Users\kidsg\Downloads\Documentation\ADDS Original Files\19.0\Adds\BusinessEntity\Plot.cs"
"Adds.Plot","Adds.Plot.CordKey","PropertyAccess","C:\Users\kidsg\Downloads\Documentation\ADDS Original Files\19.0\Adds\BusinessEntity\Plot.cs"
"Adds.Plot","Adds.Plot.Buffer","PropertyAccess","C:\Users\kidsg\Downloads\Documentation\ADDS Original Files\19.0\Adds\BusinessEntity\Plot.cs"
"Adds.Plot","Adds.Plot.XL","PropertyAccess","C:\Users\kidsg\Downloads\Documentation\ADDS Original Files\19.0\Adds\BusinessEntity\Plot.cs"
"Adds.Plot","Adds.Plot.YL","PropertyAccess","C:\Users\kidsg\Downloads\Documentation\ADDS Original Files\19.0\Adds\BusinessEntity\Plot.cs"
"Adds.Plot","Adds.Plot.XU","PropertyAccess","C:\Users\kidsg\Downloads\Documentation\ADDS Original Files\19.0\Adds\BusinessEntity\Plot.cs"
"Adds.Plot","Adds.Plot.YU","PropertyAccess","C:\Users\kidsg\Downloads\Documentation\ADDS Original Files\19.0\Adds\BusinessEntity\Plot.cs"
"Adds.Plot","Adds.Plot.Sheet","PropertyAccess","C:\Users\kidsg\Downloads\Documentation\ADDS Original Files\19.0\Adds\BusinessEntity\Plot.cs"
"Adds.Plot","Adds.Plot.PlotScale","PropertyAccess","C:\Users\kidsg\Downloads\Documentation\ADDS Original Files\19.0\Adds\BusinessEntity\Plot.cs"
"Adds.Plot","Adds.Plot.SymbolScale","PropertyAccess","C:\Users\kidsg\Downloads\Documentation\ADDS Original Files\19.0\Adds\BusinessEntity\Plot.cs"
"Adds.Plot","Adds.Plot.TextScale","PropertyAccess","C:\Users\kidsg\Downloads\Documentation\ADDS Original Files\19.0\Adds\BusinessEntity\Plot.cs"
"Adds.Plot","Adds.Plot.VoltageCode","PropertyAccess","C:\Users\kidsg\Downloads\Documentation\ADDS Original Files\19.0\Adds\BusinessEntity\Plot.cs"
"Adds.Plot","Adds.Plot.JobName","PropertyAccess","C:\Users\kidsg\Downloads\Documentation\ADDS Original Files\19.0\Adds\BusinessEntity\Plot.cs"
"Adds.Plot","Adds.Plot.Detail","PropertyAccess","C:\Users\kidsg\Downloads\Documentation\ADDS Original Files\19.0\Adds\BusinessEntity\Plot.cs"
"Adds.Plot","Adds.Plot.DrawingNumber","PropertyAccess","C:\Users\kidsg\Downloads\Documentation\ADDS Original Files\19.0\Adds\BusinessEntity\Plot.cs"
"Adds.Plot","Adds.Plot.MatchToLeft","PropertyAccess","C:\Users\kidsg\Downloads\Documentation\ADDS Original Files\19.0\Adds\BusinessEntity\Plot.cs"
"Adds.Plot","Adds.Plot.MatchToTop","PropertyAccess","C:\Users\kidsg\Downloads\Documentation\ADDS Original Files\19.0\Adds\BusinessEntity\Plot.cs"
"Adds.Plot","Adds.Plot.MatchToRight","PropertyAccess","C:\Users\kidsg\Downloads\Documentation\ADDS Original Files\19.0\Adds\BusinessEntity\Plot.cs"
"Adds.Plot","Adds.Plot.MatchToBottom","PropertyAccess","C:\Users\kidsg\Downloads\Documentation\ADDS Original Files\19.0\Adds\BusinessEntity\Plot.cs"
"Adds.Plot","Adds.Plot.Description","PropertyAccess","C:\Users\kidsg\Downloads\Documentation\ADDS Original Files\19.0\Adds\BusinessEntity\Plot.cs"
"Adds.PlotCustom","Adds.PlotCustom.PldName","PropertyAccess","C:\Users\kidsg\Downloads\Documentation\ADDS Original Files\19.0\Adds\BusinessEntity\Plot.cs"
"Adds.PlotCustom","Adds.PlotCustom.CustomName","PropertyAccess","C:\Users\kidsg\Downloads\Documentation\ADDS Original Files\19.0\Adds\BusinessEntity\Plot.cs"
"Adds.PlotCustom","Adds.PlotCustom.CustomOrder","PropertyAccess","C:\Users\kidsg\Downloads\Documentation\ADDS Original Files\19.0\Adds\BusinessEntity\Plot.cs"
"Adds.PlotGroup","Adds.PlotGroup.PlotName","PropertyAccess","C:\Users\kidsg\Downloads\Documentation\ADDS Original Files\19.0\Adds\BusinessEntity\Plot.cs"
"Adds.PlotGroup","Adds.PlotGroup.PlotGroupName","PropertyAccess","C:\Users\kidsg\Downloads\Documentation\ADDS Original Files\19.0\Adds\BusinessEntity\Plot.cs"
"Adds.PlotGroup","Adds.PlotGroup.SheetNumber","PropertyAccess","C:\Users\kidsg\Downloads\Documentation\ADDS Original Files\19.0\Adds\BusinessEntity\Plot.cs"
"Adds.PlotGroup","Adds.PlotGroup.NumberOfSheets","PropertyAccess","C:\Users\kidsg\Downloads\Documentation\ADDS Original Files\19.0\Adds\BusinessEntity\Plot.cs"
"Adds.PlotGroup","Adds.PlotGroup.GroupOrderNumber","PropertyAccess","C:\Users\kidsg\Downloads\Documentation\ADDS Original Files\19.0\Adds\BusinessEntity\Plot.cs"
"C:\Users\kidsg\Downloads\Documentation\ADDS Original Files\19.0\Adds\Common\constants.cs","Adds","Using","C:\Users\kidsg\Downloads\Documentation\ADDS Original Files\19.0\Adds\Common\constants.cs"
"C:\Users\kidsg\Downloads\Documentation\ADDS Original Files\19.0\Adds\Common\OraLogin.cs","Adds","Using","C:\Users\kidsg\Downloads\Documentation\ADDS Original Files\19.0\Adds\Common\OraLogin.cs"
"Adds.OraFunctions","Adds.OraFunctions.OracleDoUserLogin","MethodCall","C:\Users\kidsg\Downloads\Documentation\ADDS Original Files\19.0\Adds\Common\OraLogin.cs"
"Adds.OraFunctions","Adds.OraFunctions.OracleDoLoginProcess","MethodCall","C:\Users\kidsg\Downloads\Documentation\ADDS Original Files\19.0\Adds\Common\OraLogin.cs"
"Adds.OraLogin","Adds.OraLogin.Login","MethodCall","C:\Users\kidsg\Downloads\Documentation\ADDS Original Files\19.0\Adds\Common\OraLogin.cs"
"Adds.OraLogin","Adds.OraLogin.VBLeftFunction","MethodCall","C:\Users\kidsg\Downloads\Documentation\ADDS Original Files\19.0\Adds\Common\OraLogin.cs"
"Adds.OraLogin","Adds.OraLogin.DecodeReturnValue","MethodCall","C:\Users\kidsg\Downloads\Documentation\ADDS Original Files\19.0\Adds\Common\OraLogin.cs"
"C:\Users\kidsg\Downloads\Documentation\ADDS Original Files\19.0\Adds\Entitiy\Settings.cs","Adds","Using","C:\Users\kidsg\Downloads\Documentation\ADDS Original Files\19.0\Adds\Entitiy\Settings.cs"
"Adds.Settings","Adds.Settings.PrimaryRoot","PropertyAccess","C:\Users\kidsg\Downloads\Documentation\ADDS Original Files\19.0\Adds\Entitiy\Settings.cs"
"Adds.Settings","Adds.Settings.SecondaryRoot","PropertyAccess","C:\Users\kidsg\Downloads\Documentation\ADDS Original Files\19.0\Adds\Entitiy\Settings.cs"
"Adds.Settings","Adds.Settings.AltPrimaryRoot","PropertyAccess","C:\Users\kidsg\Downloads\Documentation\ADDS Original Files\19.0\Adds\Entitiy\Settings.cs"
"Adds.Settings","Adds.Settings.AltSecondaryRoot","PropertyAccess","C:\Users\kidsg\Downloads\Documentation\ADDS Original Files\19.0\Adds\Entitiy\Settings.cs"
"Adds.Settings","Adds.Settings.TestPrimaryRoot","PropertyAccess","C:\Users\kidsg\Downloads\Documentation\ADDS Original Files\19.0\Adds\Entitiy\Settings.cs"
"Adds.Settings","Adds.Settings.TestSecondaryRoot","PropertyAccess","C:\Users\kidsg\Downloads\Documentation\ADDS Original Files\19.0\Adds\Entitiy\Settings.cs"
"C:\Users\kidsg\Downloads\Documentation\ADDS Original Files\19.0\Adds\Forms\AcadSplash.cs","Adds","Using","C:\Users\kidsg\Downloads\Documentation\ADDS Original Files\19.0\Adds\Forms\AcadSplash.cs"
"Adds.frmAcadSplash","Form","Inheritance","C:\Users\kidsg\Downloads\Documentation\ADDS Original Files\19.0\Adds\Forms\AcadSplash.cs"
"Adds.frmAcadSplash","Adds.frmAcadSplash.tmrSplash_Tick","MethodCall","C:\Users\kidsg\Downloads\Documentation\ADDS Original Files\19.0\Adds\Forms\AcadSplash.cs"
"C:\Users\kidsg\Downloads\Documentation\ADDS Original Files\19.0\Adds\Forms\AcadSplash.Designer.cs","Adds","Using","C:\Users\kidsg\Downloads\Documentation\ADDS Original Files\19.0\Adds\Forms\AcadSplash.Designer.cs"
"Adds.frmAcadSplash","Adds.frmAcadSplash.Dispose","MethodCall","C:\Users\kidsg\Downloads\Documentation\ADDS Original Files\19.0\Adds\Forms\AcadSplash.Designer.cs"
"Adds.frmAcadSplash","Adds.frmAcadSplash.InitializeComponent","MethodCall","C:\Users\kidsg\Downloads\Documentation\ADDS Original Files\19.0\Adds\Forms\AcadSplash.Designer.cs"
"C:\Users\kidsg\Downloads\Documentation\ADDS Original Files\19.0\Adds\Forms\changesdialog.cs","Adds","Using","C:\Users\kidsg\Downloads\Documentation\ADDS Original Files\19.0\Adds\Forms\changesdialog.cs"
"Adds.ChangesDialog","Form","Inheritance","C:\Users\kidsg\Downloads\Documentation\ADDS Original Files\19.0\Adds\Forms\changesdialog.cs"
"Adds.ChangesDialog","Adds.ChangesDialog.setDateRange","MethodCall","C:\Users\kidsg\Downloads\Documentation\ADDS Original Files\19.0\Adds\Forms\changesdialog.cs"
"Adds.ChangesDialog","Adds.ChangesDialog.btnCancel_Click","MethodCall","C:\Users\kidsg\Downloads\Documentation\ADDS Original Files\19.0\Adds\Forms\changesdialog.cs"
"Adds.ChangesDialog","Adds.ChangesDialog.btnOK_Click","MethodCall","C:\Users\kidsg\Downloads\Documentation\ADDS Original Files\19.0\Adds\Forms\changesdialog.cs"
"Adds.ChangesDialog","Adds.ChangesDialog.mcalStartDate_DateChanged","MethodCall","C:\Users\kidsg\Downloads\Documentation\ADDS Original Files\19.0\Adds\Forms\changesdialog.cs"
"Adds.ChangesDialog","Adds.ChangesDialog.mcalStartDate_DateSelected","MethodCall","C:\Users\kidsg\Downloads\Documentation\ADDS Original Files\19.0\Adds\Forms\changesdialog.cs"
"C:\Users\kidsg\Downloads\Documentation\ADDS Original Files\19.0\Adds\Forms\changesdialog.designer.cs","Adds","Using","C:\Users\kidsg\Downloads\Documentation\ADDS Original Files\19.0\Adds\Forms\changesdialog.designer.cs"
"Adds.ChangesDialog","Adds.ChangesDialog.Dispose","MethodCall","C:\Users\kidsg\Downloads\Documentation\ADDS Original Files\19.0\Adds\Forms\changesdialog.designer.cs"
"Adds.ChangesDialog","Adds.ChangesDialog.InitializeComponent","MethodCall","C:\Users\kidsg\Downloads\Documentation\ADDS Original Files\19.0\Adds\Forms\changesdialog.designer.cs"
"C:\Users\kidsg\Downloads\Documentation\ADDS Original Files\19.0\Adds\Forms\frmdatalink.cs","Adds.Forms","Using","C:\Users\kidsg\Downloads\Documentation\ADDS Original Files\19.0\Adds\Forms\frmdatalink.cs"
"Adds.Forms.frmDataLink","Form","Inheritance","C:\Users\kidsg\Downloads\Documentation\ADDS Original Files\19.0\Adds\Forms\frmdatalink.cs"
"Adds.Forms.frmDataLink","Adds.Forms.frmDataLink.btnPlace_Click","MethodCall","C:\Users\kidsg\Downloads\Documentation\ADDS Original Files\19.0\Adds\Forms\frmdatalink.cs"
"Adds.Forms.frmDataLink","Adds.Forms.frmDataLink.rbnKeyAccount_CheckedChanged","MethodCall","C:\Users\kidsg\Downloads\Documentation\ADDS Original Files\19.0\Adds\Forms\frmdatalink.cs"
"Adds.Forms.frmDataLink","Adds.Forms.frmDataLink.rbnKeyRep_CheckedChanged","MethodCall","C:\Users\kidsg\Downloads\Documentation\ADDS Original Files\19.0\Adds\Forms\frmdatalink.cs"
"Adds.Forms.frmDataLink","Adds.Forms.frmDataLink.rbnPictures_CheckedChanged","MethodCall","C:\Users\kidsg\Downloads\Documentation\ADDS Original Files\19.0\Adds\Forms\frmdatalink.cs"
"Adds.Forms.frmDataLink","Adds.Forms.frmDataLink.rbnPrint_CheckedChanged","MethodCall","C:\Users\kidsg\Downloads\Documentation\ADDS Original Files\19.0\Adds\Forms\frmdatalink.cs"
"Adds.Forms.frmDataLink","Adds.Forms.frmDataLink.rbtSOP_CheckedChanged","MethodCall","C:\Users\kidsg\Downloads\Documentation\ADDS Original Files\19.0\Adds\Forms\frmdatalink.cs"
"Adds.Forms.frmDataLink","Adds.Forms.frmDataLink.rbnSTA_CheckedChanged","MethodCall","C:\Users\kidsg\Downloads\Documentation\ADDS Original Files\19.0\Adds\Forms\frmdatalink.cs"
"Adds.Forms.frmDataLink","Adds.Forms.frmDataLink.rbnWEBFG_CheckedChanged","MethodCall","C:\Users\kidsg\Downloads\Documentation\ADDS Original Files\19.0\Adds\Forms\frmdatalink.cs"
"Adds.Forms.frmDataLink","Adds.Forms.frmDataLink.rbnOA_CheckedChanged","MethodCall","C:\Users\kidsg\Downloads\Documentation\ADDS Original Files\19.0\Adds\Forms\frmdatalink.cs"
"Adds.Forms.frmDataLink","Adds.Forms.frmDataLink.rbnOther_CheckedChanged","MethodCall","C:\Users\kidsg\Downloads\Documentation\ADDS Original Files\19.0\Adds\Forms\frmdatalink.cs"
"C:\Users\kidsg\Downloads\Documentation\ADDS Original Files\19.0\Adds\Forms\frmdatalink.designer.cs","Adds.Forms","Using","C:\Users\kidsg\Downloads\Documentation\ADDS Original Files\19.0\Adds\Forms\frmdatalink.designer.cs"
"Adds.Forms.frmDataLink","Adds.Forms.frmDataLink.Dispose","MethodCall","C:\Users\kidsg\Downloads\Documentation\ADDS Original Files\19.0\Adds\Forms\frmdatalink.designer.cs"
"Adds.Forms.frmDataLink","Adds.Forms.frmDataLink.InitializeComponent","MethodCall","C:\Users\kidsg\Downloads\Documentation\ADDS Original Files\19.0\Adds\Forms\frmdatalink.designer.cs"
"C:\Users\kidsg\Downloads\Documentation\ADDS Original Files\19.0\Adds\Forms\frmlatlongcals.cs","Adds","Using","C:\Users\kidsg\Downloads\Documentation\ADDS Original Files\19.0\Adds\Forms\frmlatlongcals.cs"
"Adds.frmLatLongCals","Form","Inheritance","C:\Users\kidsg\Downloads\Documentation\ADDS Original Files\19.0\Adds\Forms\frmlatlongcals.cs"
"Adds.frmLatLongCals","Adds.frmLatLongCals.btnOk_Click","MethodCall","C:\Users\kidsg\Downloads\Documentation\ADDS Original Files\19.0\Adds\Forms\frmlatlongcals.cs"
"Adds.frmLatLongCals","Adds.frmLatLongCals.Distance","MethodCall","C:\Users\kidsg\Downloads\Documentation\ADDS Original Files\19.0\Adds\Forms\frmlatlongcals.cs"
"Adds.Helper","Adds.Helper.ToDegree","MethodCall","C:\Users\kidsg\Downloads\Documentation\ADDS Original Files\19.0\Adds\Forms\frmlatlongcals.cs"
"Adds.Helper","Adds.Helper.ToRadian","MethodCall","C:\Users\kidsg\Downloads\Documentation\ADDS Original Files\19.0\Adds\Forms\frmlatlongcals.cs"
"Adds.Coordinate","Adds.Coordinate.Latitude","PropertyAccess","C:\Users\kidsg\Downloads\Documentation\ADDS Original Files\19.0\Adds\Forms\frmlatlongcals.cs"
"Adds.Coordinate","Adds.Coordinate.Longitude","PropertyAccess","C:\Users\kidsg\Downloads\Documentation\ADDS Original Files\19.0\Adds\Forms\frmlatlongcals.cs"
"C:\Users\kidsg\Downloads\Documentation\ADDS Original Files\19.0\Adds\Forms\frmlatlongcals.designer.cs","Adds","Using","C:\Users\kidsg\Downloads\Documentation\ADDS Original Files\19.0\Adds\Forms\frmlatlongcals.designer.cs"
"Adds.frmLatLongCals","Adds.frmLatLongCals.Dispose","MethodCall","C:\Users\kidsg\Downloads\Documentation\ADDS Original Files\19.0\Adds\Forms\frmlatlongcals.designer.cs"
"Adds.frmLatLongCals","Adds.frmLatLongCals.InitializeComponent","MethodCall","C:\Users\kidsg\Downloads\Documentation\ADDS Original Files\19.0\Adds\Forms\frmlatlongcals.designer.cs"
"C:\Users\kidsg\Downloads\Documentation\ADDS Original Files\19.0\Adds\Forms\frmlinedialog.cs","Adds","Using","C:\Users\kidsg\Downloads\Documentation\ADDS Original Files\19.0\Adds\Forms\frmlinedialog.cs"
"Adds.frmLineDialog","Form","Inheritance","C:\Users\kidsg\Downloads\Documentation\ADDS Original Files\19.0\Adds\Forms\frmlinedialog.cs"
"Adds.frmLineDialog","Adds.frmLineDialog.BreakDownLayer","MethodCall","C:\Users\kidsg\Downloads\Documentation\ADDS Original Files\19.0\Adds\Forms\frmlinedialog.cs"
"Adds.frmLineDialog","Adds.frmLineDialog.PopulateVoltages","MethodCall","C:\Users\kidsg\Downloads\Documentation\ADDS Original Files\19.0\Adds\Forms\frmlinedialog.cs"
"Adds.frmLineDialog","Adds.frmLineDialog.PopulateSubstations","MethodCall","C:\Users\kidsg\Downloads\Documentation\ADDS Original Files\19.0\Adds\Forms\frmlinedialog.cs"
"Adds.frmLineDialog","Adds.frmLineDialog.PopulateTranLines","MethodCall","C:\Users\kidsg\Downloads\Documentation\ADDS Original Files\19.0\Adds\Forms\frmlinedialog.cs"
"Adds.frmLineDialog","Adds.frmLineDialog.cboVolts_SelectedIndexChanged","MethodCall","C:\Users\kidsg\Downloads\Documentation\ADDS Original Files\19.0\Adds\Forms\frmlinedialog.cs"
"Adds.frmLineDialog","Adds.frmLineDialog.cboSubstations_SelectedIndexChanged","MethodCall","C:\Users\kidsg\Downloads\Documentation\ADDS Original Files\19.0\Adds\Forms\frmlinedialog.cs"
"Adds.frmLineDialog","Adds.frmLineDialog.cboLines_SelectedIndexChanged","MethodCall","C:\Users\kidsg\Downloads\Documentation\ADDS Original Files\19.0\Adds\Forms\frmlinedialog.cs"
"Adds.frmLineDialog","Adds.frmLineDialog.btnOk_Click","MethodCall","C:\Users\kidsg\Downloads\Documentation\ADDS Original Files\19.0\Adds\Forms\frmlinedialog.cs"
"Adds.frmLineDialog","Adds.frmLineDialog.cboFacID_SelectedIndexChanged","MethodCall","C:\Users\kidsg\Downloads\Documentation\ADDS Original Files\19.0\Adds\Forms\frmlinedialog.cs"
"Adds.frmLineDialog","Adds.frmLineDialog.cboLineId_SelectedIndexChanged","MethodCall","C:\Users\kidsg\Downloads\Documentation\ADDS Original Files\19.0\Adds\Forms\frmlinedialog.cs"
"Adds.frmLineDialog","Adds.frmLineDialog.Layer","PropertyAccess","C:\Users\kidsg\Downloads\Documentation\ADDS Original Files\19.0\Adds\Forms\frmlinedialog.cs"
"C:\Users\kidsg\Downloads\Documentation\ADDS Original Files\19.0\Adds\Forms\frmlinedialog.designer.cs","Adds","Using","C:\Users\kidsg\Downloads\Documentation\ADDS Original Files\19.0\Adds\Forms\frmlinedialog.designer.cs"
"Adds.frmLineDialog","Adds.frmLineDialog.Dispose","MethodCall","C:\Users\kidsg\Downloads\Documentation\ADDS Original Files\19.0\Adds\Forms\frmlinedialog.designer.cs"
"Adds.frmLineDialog","Adds.frmLineDialog.InitializeComponent","MethodCall","C:\Users\kidsg\Downloads\Documentation\ADDS Original Files\19.0\Adds\Forms\frmlinedialog.designer.cs"
"C:\Users\kidsg\Downloads\Documentation\ADDS Original Files\19.0\Adds\Forms\frmLogin.cs","Adds","Using","C:\Users\kidsg\Downloads\Documentation\ADDS Original Files\19.0\Adds\Forms\frmLogin.cs"
"Adds.frmLogin","Form","Inheritance","C:\Users\kidsg\Downloads\Documentation\ADDS Original Files\19.0\Adds\Forms\frmLogin.cs"
"Adds.frmLogin","Adds.frmLogin.PopulateDB","MethodCall","C:\Users\kidsg\Downloads\Documentation\ADDS Original Files\19.0\Adds\Forms\frmLogin.cs"
"Adds.frmLogin","Adds.frmLogin.btnOk_Click","MethodCall","C:\Users\kidsg\Downloads\Documentation\ADDS Original Files\19.0\Adds\Forms\frmLogin.cs"
"Adds.frmLogin","Adds.frmLogin.cboDBList_SelectedIndexChanged","MethodCall","C:\Users\kidsg\Downloads\Documentation\ADDS Original Files\19.0\Adds\Forms\frmLogin.cs"
"Adds.frmLogin","Adds.frmLogin.frmLogin_Load","MethodCall","C:\Users\kidsg\Downloads\Documentation\ADDS Original Files\19.0\Adds\Forms\frmLogin.cs"
"Adds.frmLogin","Adds.frmLogin.GetRoleStatement","MethodCall","C:\Users\kidsg\Downloads\Documentation\ADDS Original Files\19.0\Adds\Forms\frmLogin.cs"
"Adds.frmLogin","Adds.frmLogin.cboDBList_SelectionChangeCommitted","MethodCall","C:\Users\kidsg\Downloads\Documentation\ADDS Original Files\19.0\Adds\Forms\frmLogin.cs"
"Adds.frmLogin","Adds.frmLogin.btnCancel_Click","MethodCall","C:\Users\kidsg\Downloads\Documentation\ADDS Original Files\19.0\Adds\Forms\frmLogin.cs"
"Adds.frmLogin","Adds.frmLogin.DBCurrentUser","PropertyAccess","C:\Users\kidsg\Downloads\Documentation\ADDS Original Files\19.0\Adds\Forms\frmLogin.cs"
"Adds.frmLogin","Adds.frmLogin.DBName","PropertyAccess","C:\Users\kidsg\Downloads\Documentation\ADDS Original Files\19.0\Adds\Forms\frmLogin.cs"
"Adds.frmLogin","Adds.frmLogin.DBDescription","PropertyAccess","C:\Users\kidsg\Downloads\Documentation\ADDS Original Files\19.0\Adds\Forms\frmLogin.cs"
"Adds.frmLogin","Adds.frmLogin.DBPwd","PropertyAccess","C:\Users\kidsg\Downloads\Documentation\ADDS Original Files\19.0\Adds\Forms\frmLogin.cs"
"Adds.frmLogin","Adds.frmLogin.DBRole","PropertyAccess","C:\Users\kidsg\Downloads\Documentation\ADDS Original Files\19.0\Adds\Forms\frmLogin.cs"
"Adds.frmLogin","Adds.frmLogin.DBConnStatus","PropertyAccess","C:\Users\kidsg\Downloads\Documentation\ADDS Original Files\19.0\Adds\Forms\frmLogin.cs"
"Adds.frmLogin","Adds.frmLogin.AppID","PropertyAccess","C:\Users\kidsg\Downloads\Documentation\ADDS Original Files\19.0\Adds\Forms\frmLogin.cs"
"Adds.frmLogin","Adds.frmLogin.AppPwd","PropertyAccess","C:\Users\kidsg\Downloads\Documentation\ADDS Original Files\19.0\Adds\Forms\frmLogin.cs"
"C:\Users\kidsg\Downloads\Documentation\ADDS Original Files\19.0\Adds\Forms\frmLogin.Designer.cs","Adds","Using","C:\Users\kidsg\Downloads\Documentation\ADDS Original Files\19.0\Adds\Forms\frmLogin.Designer.cs"
"Adds.frmLogin","Adds.frmLogin.Dispose","MethodCall","C:\Users\kidsg\Downloads\Documentation\ADDS Original Files\19.0\Adds\Forms\frmLogin.Designer.cs"
"Adds.frmLogin","Adds.frmLogin.InitializeComponent","MethodCall","C:\Users\kidsg\Downloads\Documentation\ADDS Original Files\19.0\Adds\Forms\frmLogin.Designer.cs"
"C:\Users\kidsg\Downloads\Documentation\ADDS Original Files\19.0\Adds\Forms\frmPlogGroupsByDef.cs","Adds.Forms","Using","C:\Users\kidsg\Downloads\Documentation\ADDS Original Files\19.0\Adds\Forms\frmPlogGroupsByDef.cs"
"Adds.Forms.frmPlogGroupsByDef","Form","Inheritance","C:\Users\kidsg\Downloads\Documentation\ADDS Original Files\19.0\Adds\Forms\frmPlogGroupsByDef.cs"
"Adds.Forms.frmPlogGroupsByDef","Adds.Forms.frmPlogGroupsByDef.Populate","MethodCall","C:\Users\kidsg\Downloads\Documentation\ADDS Original Files\19.0\Adds\Forms\frmPlogGroupsByDef.cs"
"Adds.Forms.frmPlogGroupsByDef","Adds.Forms.frmPlogGroupsByDef.ShowPlotGroupDiaglog","MethodCall","C:\Users\kidsg\Downloads\Documentation\ADDS Original Files\19.0\Adds\Forms\frmPlogGroupsByDef.cs"
"Adds.Forms.frmPlogGroupsByDef","Adds.Forms.frmPlogGroupsByDef.dgvPlotGroups_DoubleClick","MethodCall","C:\Users\kidsg\Downloads\Documentation\ADDS Original Files\19.0\Adds\Forms\frmPlogGroupsByDef.cs"
"Adds.Forms.frmPlogGroupsByDef","Adds.Forms.frmPlogGroupsByDef.dgvPlotGroups_CellFormatting","MethodCall","C:\Users\kidsg\Downloads\Documentation\ADDS Original Files\19.0\Adds\Forms\frmPlogGroupsByDef.cs"
"C:\Users\kidsg\Downloads\Documentation\ADDS Original Files\19.0\Adds\Forms\frmPlogGroupsByDef.Designer.cs","Adds.Forms","Using","C:\Users\kidsg\Downloads\Documentation\ADDS Original Files\19.0\Adds\Forms\frmPlogGroupsByDef.Designer.cs"
"Adds.Forms.frmPlogGroupsByDef","Adds.Forms.frmPlogGroupsByDef.Dispose","MethodCall","C:\Users\kidsg\Downloads\Documentation\ADDS Original Files\19.0\Adds\Forms\frmPlogGroupsByDef.Designer.cs"
"Adds.Forms.frmPlogGroupsByDef","Adds.Forms.frmPlogGroupsByDef.InitializeComponent","MethodCall","C:\Users\kidsg\Downloads\Documentation\ADDS Original Files\19.0\Adds\Forms\frmPlogGroupsByDef.Designer.cs"
"C:\Users\kidsg\Downloads\Documentation\ADDS Original Files\19.0\Adds\Forms\frmPlot.cs","Adds.Forms","Using","C:\Users\kidsg\Downloads\Documentation\ADDS Original Files\19.0\Adds\Forms\frmPlot.cs"
"Adds.Forms.frmPlot","Form","Inheritance","C:\Users\kidsg\Downloads\Documentation\ADDS Original Files\19.0\Adds\Forms\frmPlot.cs"
"Adds.Forms.frmPlot","Adds.Forms.frmPlot.frmPlot_Load","MethodCall","C:\Users\kidsg\Downloads\Documentation\ADDS Original Files\19.0\Adds\Forms\frmPlot.cs"
"Adds.Forms.frmPlot","Adds.Forms.frmPlot.Populate","MethodCall","C:\Users\kidsg\Downloads\Documentation\ADDS Original Files\19.0\Adds\Forms\frmPlot.cs"
"Adds.Forms.frmPlot","Adds.Forms.frmPlot.CustomsSelectedPlotDefUpdate","MethodCall","C:\Users\kidsg\Downloads\Documentation\ADDS Original Files\19.0\Adds\Forms\frmPlot.cs"
"Adds.Forms.frmPlot","Adds.Forms.frmPlot.cboPlotName_SelectedIndexChanged","MethodCall","C:\Users\kidsg\Downloads\Documentation\ADDS Original Files\19.0\Adds\Forms\frmPlot.cs"
"Adds.Forms.frmPlot","Adds.Forms.frmPlot.bsPlots_CurrentChanged","MethodCall","C:\Users\kidsg\Downloads\Documentation\ADDS Original Files\19.0\Adds\Forms\frmPlot.cs"
"Adds.Forms.frmPlot","Adds.Forms.frmPlot.btnClear_Click","MethodCall","C:\Users\kidsg\Downloads\Documentation\ADDS Original Files\19.0\Adds\Forms\frmPlot.cs"
"Adds.Forms.frmPlot","Adds.Forms.frmPlot.ClearAllControls","MethodCall","C:\Users\kidsg\Downloads\Documentation\ADDS Original Files\19.0\Adds\Forms\frmPlot.cs"
"Adds.Forms.frmPlot","Adds.Forms.frmPlot.btnClose_Click","MethodCall","C:\Users\kidsg\Downloads\Documentation\ADDS Original Files\19.0\Adds\Forms\frmPlot.cs"
"Adds.Forms.frmPlot","Adds.Forms.frmPlot.btnPlot_Click","MethodCall","C:\Users\kidsg\Downloads\Documentation\ADDS Original Files\19.0\Adds\Forms\frmPlot.cs"
"Adds.Forms.frmPlot","Adds.Forms.frmPlot.btnGetExtents_Click","MethodCall","C:\Users\kidsg\Downloads\Documentation\ADDS Original Files\19.0\Adds\Forms\frmPlot.cs"
"Adds.Forms.frmPlot","Adds.Forms.frmPlot.btnAdd_Click","MethodCall","C:\Users\kidsg\Downloads\Documentation\ADDS Original Files\19.0\Adds\Forms\frmPlot.cs"
"Adds.Forms.frmPlot","Adds.Forms.frmPlot.btnDelete_Click","MethodCall","C:\Users\kidsg\Downloads\Documentation\ADDS Original Files\19.0\Adds\Forms\frmPlot.cs"
"Adds.Forms.frmPlot","Adds.Forms.frmPlot.btnUpdate_Click","MethodCall","C:\Users\kidsg\Downloads\Documentation\ADDS Original Files\19.0\Adds\Forms\frmPlot.cs"
"Adds.Forms.frmPlot","Adds.Forms.frmPlot.GetCurrentPlotDefValues","MethodCall","C:\Users\kidsg\Downloads\Documentation\ADDS Original Files\19.0\Adds\Forms\frmPlot.cs"
"Adds.Forms.frmPlot","Adds.Forms.frmPlot.CustomsToAddOrUpdate","MethodCall","C:\Users\kidsg\Downloads\Documentation\ADDS Original Files\19.0\Adds\Forms\frmPlot.cs"
"C:\Users\kidsg\Downloads\Documentation\ADDS Original Files\19.0\Adds\Forms\frmPlot.Designer.cs","Adds.Forms","Using","C:\Users\kidsg\Downloads\Documentation\ADDS Original Files\19.0\Adds\Forms\frmPlot.Designer.cs"
"Adds.Forms.frmPlot","Adds.Forms.frmPlot.Dispose","MethodCall","C:\Users\kidsg\Downloads\Documentation\ADDS Original Files\19.0\Adds\Forms\frmPlot.Designer.cs"
"Adds.Forms.frmPlot","Adds.Forms.frmPlot.InitializeComponent","MethodCall","C:\Users\kidsg\Downloads\Documentation\ADDS Original Files\19.0\Adds\Forms\frmPlot.Designer.cs"
"C:\Users\kidsg\Downloads\Documentation\ADDS Original Files\19.0\Adds\Forms\frmPlotCustoms.cs","Adds.Forms","Using","C:\Users\kidsg\Downloads\Documentation\ADDS Original Files\19.0\Adds\Forms\frmPlotCustoms.cs"
"Adds.Forms.frmPlotCustoms","Form","Inheritance","C:\Users\kidsg\Downloads\Documentation\ADDS Original Files\19.0\Adds\Forms\frmPlotCustoms.cs"
"Adds.Forms.frmPlotCustoms","Adds.Forms.frmPlotCustoms.PopulateControls","MethodCall","C:\Users\kidsg\Downloads\Documentation\ADDS Original Files\19.0\Adds\Forms\frmPlotCustoms.cs"
"Adds.Forms.frmPlotCustoms","Adds.Forms.frmPlotCustoms.bsCustoms_CurrentChanged","MethodCall","C:\Users\kidsg\Downloads\Documentation\ADDS Original Files\19.0\Adds\Forms\frmPlotCustoms.cs"
"Adds.Forms.frmPlotCustoms","Adds.Forms.frmPlotCustoms.frmPlotCustoms_Load","MethodCall","C:\Users\kidsg\Downloads\Documentation\ADDS Original Files\19.0\Adds\Forms\frmPlotCustoms.cs"
"Adds.Forms.frmPlotCustoms","Adds.Forms.frmPlotCustoms.ClearControls","MethodCall","C:\Users\kidsg\Downloads\Documentation\ADDS Original Files\19.0\Adds\Forms\frmPlotCustoms.cs"
"Adds.Forms.frmPlotCustoms","Adds.Forms.frmPlotCustoms.txtDescr_Leave","MethodCall","C:\Users\kidsg\Downloads\Documentation\ADDS Original Files\19.0\Adds\Forms\frmPlotCustoms.cs"
"Adds.Forms.frmPlotCustoms","Adds.Forms.frmPlotCustoms.cboDiv_SelectedIndexChanged","MethodCall","C:\Users\kidsg\Downloads\Documentation\ADDS Original Files\19.0\Adds\Forms\frmPlotCustoms.cs"
"Adds.Forms.frmPlotCustoms","Adds.Forms.frmPlotCustoms.btnAdd_Click","MethodCall","C:\Users\kidsg\Downloads\Documentation\ADDS Original Files\19.0\Adds\Forms\frmPlotCustoms.cs"
"Adds.Forms.frmPlotCustoms","Adds.Forms.frmPlotCustoms.btnDelete_Click","MethodCall","C:\Users\kidsg\Downloads\Documentation\ADDS Original Files\19.0\Adds\Forms\frmPlotCustoms.cs"
"Adds.Forms.frmPlotCustoms","Adds.Forms.frmPlotCustoms.btnClose_Click","MethodCall","C:\Users\kidsg\Downloads\Documentation\ADDS Original Files\19.0\Adds\Forms\frmPlotCustoms.cs"
"Adds.Forms.frmPlotCustoms","Adds.Forms.frmPlotCustoms.cboName_SelectedIndexChanged","MethodCall","C:\Users\kidsg\Downloads\Documentation\ADDS Original Files\19.0\Adds\Forms\frmPlotCustoms.cs"
"C:\Users\kidsg\Downloads\Documentation\ADDS Original Files\19.0\Adds\Forms\frmPlotCustoms.Designer.cs","Adds.Forms","Using","C:\Users\kidsg\Downloads\Documentation\ADDS Original Files\19.0\Adds\Forms\frmPlotCustoms.Designer.cs"
"Adds.Forms.frmPlotCustoms","Adds.Forms.frmPlotCustoms.Dispose","MethodCall","C:\Users\kidsg\Downloads\Documentation\ADDS Original Files\19.0\Adds\Forms\frmPlotCustoms.Designer.cs"
"Adds.Forms.frmPlotCustoms","Adds.Forms.frmPlotCustoms.InitializeComponent","MethodCall","C:\Users\kidsg\Downloads\Documentation\ADDS Original Files\19.0\Adds\Forms\frmPlotCustoms.Designer.cs"
"C:\Users\kidsg\Downloads\Documentation\ADDS Original Files\19.0\Adds\Forms\frmPlotDefMain.cs","Adds.Forms","Using","C:\Users\kidsg\Downloads\Documentation\ADDS Original Files\19.0\Adds\Forms\frmPlotDefMain.cs"
"Adds.Forms.frmPlotDefMain","Form","Inheritance","C:\Users\kidsg\Downloads\Documentation\ADDS Original Files\19.0\Adds\Forms\frmPlotDefMain.cs"
"Adds.Forms.frmPlotDefMain","Adds.Forms.frmPlotDefMain.frmPlotDefMain_Load","MethodCall","C:\Users\kidsg\Downloads\Documentation\ADDS Original Files\19.0\Adds\Forms\frmPlotDefMain.cs"
"Adds.Forms.frmPlotDefMain","Adds.Forms.frmPlotDefMain.dgvPlots_MouseDown","MethodCall","C:\Users\kidsg\Downloads\Documentation\ADDS Original Files\19.0\Adds\Forms\frmPlotDefMain.cs"
"Adds.Forms.frmPlotDefMain","Adds.Forms.frmPlotDefMain.Populate","MethodCall","C:\Users\kidsg\Downloads\Documentation\ADDS Original Files\19.0\Adds\Forms\frmPlotDefMain.cs"
"Adds.Forms.frmPlotDefMain","Adds.Forms.frmPlotDefMain.plotToolStripMenuItem_Click","MethodCall","C:\Users\kidsg\Downloads\Documentation\ADDS Original Files\19.0\Adds\Forms\frmPlotDefMain.cs"
"Adds.Forms.frmPlotDefMain","Adds.Forms.frmPlotDefMain.dgvPlots_DoubleClick","MethodCall","C:\Users\kidsg\Downloads\Documentation\ADDS Original Files\19.0\Adds\Forms\frmPlotDefMain.cs"
"Adds.Forms.frmPlotDefMain","Adds.Forms.frmPlotDefMain.ShowPlotDefinitionDialog","MethodCall","C:\Users\kidsg\Downloads\Documentation\ADDS Original Files\19.0\Adds\Forms\frmPlotDefMain.cs"
"Adds.Forms.frmPlotDefMain","Adds.Forms.frmPlotDefMain.plotGroupsToolStripMenuItem_Click","MethodCall","C:\Users\kidsg\Downloads\Documentation\ADDS Original Files\19.0\Adds\Forms\frmPlotDefMain.cs"
"Adds.Forms.frmPlotDefMain","Adds.Forms.frmPlotDefMain.groupsToolStripMenuItem_Click","MethodCall","C:\Users\kidsg\Downloads\Documentation\ADDS Original Files\19.0\Adds\Forms\frmPlotDefMain.cs"
"C:\Users\kidsg\Downloads\Documentation\ADDS Original Files\19.0\Adds\Forms\frmPlotDefMain.Designer.cs","Adds.Forms","Using","C:\Users\kidsg\Downloads\Documentation\ADDS Original Files\19.0\Adds\Forms\frmPlotDefMain.Designer.cs"
"Adds.Forms.frmPlotDefMain","Adds.Forms.frmPlotDefMain.Dispose","MethodCall","C:\Users\kidsg\Downloads\Documentation\ADDS Original Files\19.0\Adds\Forms\frmPlotDefMain.Designer.cs"
"Adds.Forms.frmPlotDefMain","Adds.Forms.frmPlotDefMain.InitializeComponent","MethodCall","C:\Users\kidsg\Downloads\Documentation\ADDS Original Files\19.0\Adds\Forms\frmPlotDefMain.Designer.cs"
"C:\Users\kidsg\Downloads\Documentation\ADDS Original Files\19.0\Adds\Forms\frmPlotGroupDef.cs","Adds.Forms","Using","C:\Users\kidsg\Downloads\Documentation\ADDS Original Files\19.0\Adds\Forms\frmPlotGroupDef.cs"
"Adds.Forms.frmPlotGroupDef","Form","Inheritance","C:\Users\kidsg\Downloads\Documentation\ADDS Original Files\19.0\Adds\Forms\frmPlotGroupDef.cs"
"Adds.Forms.frmPlotGroupDef","Adds.Forms.frmPlotGroupDef.frmPlotGroupDef_Load","MethodCall","C:\Users\kidsg\Downloads\Documentation\ADDS Original Files\19.0\Adds\Forms\frmPlotGroupDef.cs"
"Adds.Forms.frmPlotGroupDef","Adds.Forms.frmPlotGroupDef.dgvPlotDefs_RowPrePaint","MethodCall","C:\Users\kidsg\Downloads\Documentation\ADDS Original Files\19.0\Adds\Forms\frmPlotGroupDef.cs"
"Adds.Forms.frmPlotGroupDef","Adds.Forms.frmPlotGroupDef.Populate","MethodCall","C:\Users\kidsg\Downloads\Documentation\ADDS Original Files\19.0\Adds\Forms\frmPlotGroupDef.cs"
"Adds.Forms.frmPlotGroupDef","Adds.Forms.frmPlotGroupDef.bsGroups_CurrentChanged","MethodCall","C:\Users\kidsg\Downloads\Documentation\ADDS Original Files\19.0\Adds\Forms\frmPlotGroupDef.cs"
"Adds.Forms.frmPlotGroupDef","Adds.Forms.frmPlotGroupDef.ClearAllControls","MethodCall","C:\Users\kidsg\Downloads\Documentation\ADDS Original Files\19.0\Adds\Forms\frmPlotGroupDef.cs"
"Adds.Forms.frmPlotGroupDef","Adds.Forms.frmPlotGroupDef.dgvPlotDefs_SortCompare","MethodCall","C:\Users\kidsg\Downloads\Documentation\ADDS Original Files\19.0\Adds\Forms\frmPlotGroupDef.cs"
"Adds.Forms.frmPlotGroupDef","Adds.Forms.frmPlotGroupDef.dgvPlotDefs_Click","MethodCall","C:\Users\kidsg\Downloads\Documentation\ADDS Original Files\19.0\Adds\Forms\frmPlotGroupDef.cs"
"Adds.Forms.frmPlotGroupDef","Adds.Forms.frmPlotGroupDef.dgvPlotDefs_SelectionChanged","MethodCall","C:\Users\kidsg\Downloads\Documentation\ADDS Original Files\19.0\Adds\Forms\frmPlotGroupDef.cs"
"Adds.Forms.frmPlotGroupDef","Adds.Forms.frmPlotGroupDef.dgvPlotDef_Update","MethodCall","C:\Users\kidsg\Downloads\Documentation\ADDS Original Files\19.0\Adds\Forms\frmPlotGroupDef.cs"
"Adds.Forms.frmPlotGroupDef","Adds.Forms.frmPlotGroupDef.btnClear_Click","MethodCall","C:\Users\kidsg\Downloads\Documentation\ADDS Original Files\19.0\Adds\Forms\frmPlotGroupDef.cs"
"Adds.Forms.frmPlotGroupDef","Adds.Forms.frmPlotGroupDef.btnClose_Click","MethodCall","C:\Users\kidsg\Downloads\Documentation\ADDS Original Files\19.0\Adds\Forms\frmPlotGroupDef.cs"
"Adds.Forms.frmPlotGroupDef","Adds.Forms.frmPlotGroupDef.btnAddPlotDef_Click","MethodCall","C:\Users\kidsg\Downloads\Documentation\ADDS Original Files\19.0\Adds\Forms\frmPlotGroupDef.cs"
"Adds.Forms.frmPlotGroupDef","Adds.Forms.frmPlotGroupDef.ReSortPlotDefs","MethodCall","C:\Users\kidsg\Downloads\Documentation\ADDS Original Files\19.0\Adds\Forms\frmPlotGroupDef.cs"
"Adds.Forms.frmPlotGroupDef","Adds.Forms.frmPlotGroupDef.CustomsToAddOrUpdate","MethodCall","C:\Users\kidsg\Downloads\Documentation\ADDS Original Files\19.0\Adds\Forms\frmPlotGroupDef.cs"
"Adds.Forms.frmPlotGroupDef","Adds.Forms.frmPlotGroupDef.PlotDefOverides","MethodCall","C:\Users\kidsg\Downloads\Documentation\ADDS Original Files\19.0\Adds\Forms\frmPlotGroupDef.cs"
"Adds.Forms.frmPlotGroupDef","Adds.Forms.frmPlotGroupDef.btuRemovePlot_Click","MethodCall","C:\Users\kidsg\Downloads\Documentation\ADDS Original Files\19.0\Adds\Forms\frmPlotGroupDef.cs"
"Adds.Forms.frmPlotGroupDef","Adds.Forms.frmPlotGroupDef.btnUp_Click","MethodCall","C:\Users\kidsg\Downloads\Documentation\ADDS Original Files\19.0\Adds\Forms\frmPlotGroupDef.cs"
"Adds.Forms.frmPlotGroupDef","Adds.Forms.frmPlotGroupDef.btnDown_Click","MethodCall","C:\Users\kidsg\Downloads\Documentation\ADDS Original Files\19.0\Adds\Forms\frmPlotGroupDef.cs"
"Adds.Forms.frmPlotGroupDef","Adds.Forms.frmPlotGroupDef.btnAdd_Click","MethodCall","C:\Users\kidsg\Downloads\Documentation\ADDS Original Files\19.0\Adds\Forms\frmPlotGroupDef.cs"
"Adds.Forms.frmPlotGroupDef","Adds.Forms.frmPlotGroupDef.btnUpdate_Click","MethodCall","C:\Users\kidsg\Downloads\Documentation\ADDS Original Files\19.0\Adds\Forms\frmPlotGroupDef.cs"
"Adds.Forms.frmPlotGroupDef","Adds.Forms.frmPlotGroupDef.btnDelete_Click","MethodCall","C:\Users\kidsg\Downloads\Documentation\ADDS Original Files\19.0\Adds\Forms\frmPlotGroupDef.cs"
"Adds.Forms.frmPlotGroupDef","Adds.Forms.frmPlotGroupDef.cboGroupName_Click","MethodCall","C:\Users\kidsg\Downloads\Documentation\ADDS Original Files\19.0\Adds\Forms\frmPlotGroupDef.cs"
"C:\Users\kidsg\Downloads\Documentation\ADDS Original Files\19.0\Adds\Forms\frmPlotGroupDef.Designer.cs","Adds.Forms","Using","C:\Users\kidsg\Downloads\Documentation\ADDS Original Files\19.0\Adds\Forms\frmPlotGroupDef.Designer.cs"
"Adds.Forms.frmPlotGroupDef","Adds.Forms.frmPlotGroupDef.Dispose","MethodCall","C:\Users\kidsg\Downloads\Documentation\ADDS Original Files\19.0\Adds\Forms\frmPlotGroupDef.Designer.cs"
"Adds.Forms.frmPlotGroupDef","Adds.Forms.frmPlotGroupDef.InitializeComponent","MethodCall","C:\Users\kidsg\Downloads\Documentation\ADDS Original Files\19.0\Adds\Forms\frmPlotGroupDef.Designer.cs"
"C:\Users\kidsg\Downloads\Documentation\ADDS Original Files\19.0\Adds\Forms\frmreplaceblock.cs","Adds.Forms","Using","C:\Users\kidsg\Downloads\Documentation\ADDS Original Files\19.0\Adds\Forms\frmreplaceblock.cs"
"Adds.Forms.frmReplaceBlock","Form","Inheritance","C:\Users\kidsg\Downloads\Documentation\ADDS Original Files\19.0\Adds\Forms\frmreplaceblock.cs"
"Adds.Forms.frmReplaceBlock","Adds.Forms.frmReplaceBlock.PopulateNewBlockChoices","MethodCall","C:\Users\kidsg\Downloads\Documentation\ADDS Original Files\19.0\Adds\Forms\frmreplaceblock.cs"
"Adds.Forms.frmReplaceBlock","Adds.Forms.frmReplaceBlock.btnOK_Click","MethodCall","C:\Users\kidsg\Downloads\Documentation\ADDS Original Files\19.0\Adds\Forms\frmreplaceblock.cs"
"Adds.Forms.frmReplaceBlock","Adds.Forms.frmReplaceBlock.cboNewBlock_SelectedIndexChanged","MethodCall","C:\Users\kidsg\Downloads\Documentation\ADDS Original Files\19.0\Adds\Forms\frmreplaceblock.cs"
"Adds.Forms.frmReplaceBlock","Adds.Forms.frmReplaceBlock.BlockName","PropertyAccess","C:\Users\kidsg\Downloads\Documentation\ADDS Original Files\19.0\Adds\Forms\frmreplaceblock.cs"
"C:\Users\kidsg\Downloads\Documentation\ADDS Original Files\19.0\Adds\Forms\frmreplaceblock.designer.cs","Adds.Forms","Using","C:\Users\kidsg\Downloads\Documentation\ADDS Original Files\19.0\Adds\Forms\frmreplaceblock.designer.cs"
"Adds.Forms.frmReplaceBlock","Adds.Forms.frmReplaceBlock.Dispose","MethodCall","C:\Users\kidsg\Downloads\Documentation\ADDS Original Files\19.0\Adds\Forms\frmreplaceblock.designer.cs"
"Adds.Forms.frmReplaceBlock","Adds.Forms.frmReplaceBlock.InitializeComponent","MethodCall","C:\Users\kidsg\Downloads\Documentation\ADDS Original Files\19.0\Adds\Forms\frmreplaceblock.designer.cs"
"C:\Users\kidsg\Downloads\Documentation\ADDS Original Files\19.0\Adds\Forms\frmresults.cs","Adds","Using","C:\Users\kidsg\Downloads\Documentation\ADDS Original Files\19.0\Adds\Forms\frmresults.cs"
"Adds.frmResults","Form","Inheritance","C:\Users\kidsg\Downloads\Documentation\ADDS Original Files\19.0\Adds\Forms\frmresults.cs"
"Adds.frmResults","Adds.frmResults.frmResults_Load","MethodCall","C:\Users\kidsg\Downloads\Documentation\ADDS Original Files\19.0\Adds\Forms\frmresults.cs"
"Adds.frmResults","Adds.frmResults.btnCancel_Click","MethodCall","C:\Users\kidsg\Downloads\Documentation\ADDS Original Files\19.0\Adds\Forms\frmresults.cs"
"Adds.frmResults","Adds.frmResults.btnOk_Click","MethodCall","C:\Users\kidsg\Downloads\Documentation\ADDS Original Files\19.0\Adds\Forms\frmresults.cs"
"Adds.frmResults","Adds.frmResults.SelectedRow","PropertyAccess","C:\Users\kidsg\Downloads\Documentation\ADDS Original Files\19.0\Adds\Forms\frmresults.cs"
"C:\Users\kidsg\Downloads\Documentation\ADDS Original Files\19.0\Adds\Forms\frmresults.designer.cs","Adds","Using","C:\Users\kidsg\Downloads\Documentation\ADDS Original Files\19.0\Adds\Forms\frmresults.designer.cs"
"Adds.frmResults","Adds.frmResults.Dispose","MethodCall","C:\Users\kidsg\Downloads\Documentation\ADDS Original Files\19.0\Adds\Forms\frmresults.designer.cs"
"Adds.frmResults","Adds.frmResults.InitializeComponent","MethodCall","C:\Users\kidsg\Downloads\Documentation\ADDS Original Files\19.0\Adds\Forms\frmresults.designer.cs"
"C:\Users\kidsg\Downloads\Documentation\ADDS Original Files\19.0\Adds\Forms\frmSelectSub.cs","Adds","Using","C:\Users\kidsg\Downloads\Documentation\ADDS Original Files\19.0\Adds\Forms\frmSelectSub.cs"
"Adds.frmSelectSub","Form","Inheritance","C:\Users\kidsg\Downloads\Documentation\ADDS Original Files\19.0\Adds\Forms\frmSelectSub.cs"
"Adds.frmSelectSub","Adds.frmSelectSub.DecodeDiv","MethodCall","C:\Users\kidsg\Downloads\Documentation\ADDS Original Files\19.0\Adds\Forms\frmSelectSub.cs"
"Adds.frmSelectSub","Adds.frmSelectSub.TreeViewFilterSetup","MethodCall","C:\Users\kidsg\Downloads\Documentation\ADDS Original Files\19.0\Adds\Forms\frmSelectSub.cs"
"Adds.frmSelectSub","Adds.frmSelectSub.DgvSetup","MethodCall","C:\Users\kidsg\Downloads\Documentation\ADDS Original Files\19.0\Adds\Forms\frmSelectSub.cs"
"Adds.frmSelectSub","Adds.frmSelectSub.PopulateSubs","MethodCall","C:\Users\kidsg\Downloads\Documentation\ADDS Original Files\19.0\Adds\Forms\frmSelectSub.cs"
"Adds.frmSelectSub","Adds.frmSelectSub.tvFilter_NodeMouseClick","MethodCall","C:\Users\kidsg\Downloads\Documentation\ADDS Original Files\19.0\Adds\Forms\frmSelectSub.cs"
"Adds.frmSelectSub","Adds.frmSelectSub.frmSelectSub_FormClosing","MethodCall","C:\Users\kidsg\Downloads\Documentation\ADDS Original Files\19.0\Adds\Forms\frmSelectSub.cs"
"Adds.frmSelectSub","Adds.frmSelectSub.tvFilter_AfterSelect","MethodCall","C:\Users\kidsg\Downloads\Documentation\ADDS Original Files\19.0\Adds\Forms\frmSelectSub.cs"
"Adds.frmSelectSub","Adds.frmSelectSub.dgvResults_CellDoubleClick","MethodCall","C:\Users\kidsg\Downloads\Documentation\ADDS Original Files\19.0\Adds\Forms\frmSelectSub.cs"
"Adds.frmSelectSub","Adds.frmSelectSub.btnCancel_Click","MethodCall","C:\Users\kidsg\Downloads\Documentation\ADDS Original Files\19.0\Adds\Forms\frmSelectSub.cs"
"Adds.frmSelectSub","Adds.frmSelectSub.SubCode","PropertyAccess","C:\Users\kidsg\Downloads\Documentation\ADDS Original Files\19.0\Adds\Forms\frmSelectSub.cs"
"Adds.frmSelectSub","Adds.frmSelectSub.SubDescription","PropertyAccess","C:\Users\kidsg\Downloads\Documentation\ADDS Original Files\19.0\Adds\Forms\frmSelectSub.cs"
"Adds.frmSelectSub","Adds.frmSelectSub.SubDwg","PropertyAccess","C:\Users\kidsg\Downloads\Documentation\ADDS Original Files\19.0\Adds\Forms\frmSelectSub.cs"
"Adds.frmSelectSub","Adds.frmSelectSub.SubOrg","PropertyAccess","C:\Users\kidsg\Downloads\Documentation\ADDS Original Files\19.0\Adds\Forms\frmSelectSub.cs"
"Adds.frmSelectSub","Adds.frmSelectSub.SubScada","PropertyAccess","C:\Users\kidsg\Downloads\Documentation\ADDS Original Files\19.0\Adds\Forms\frmSelectSub.cs"
"Adds.frmSelectSub","Adds.frmSelectSub.SubEMB","PropertyAccess","C:\Users\kidsg\Downloads\Documentation\ADDS Original Files\19.0\Adds\Forms\frmSelectSub.cs"
"Adds.frmSelectSub","Adds.frmSelectSub.SubID","PropertyAccess","C:\Users\kidsg\Downloads\Documentation\ADDS Original Files\19.0\Adds\Forms\frmSelectSub.cs"
"Adds.frmSelectSub","Adds.frmSelectSub.CurrentDiv","PropertyAccess","C:\Users\kidsg\Downloads\Documentation\ADDS Original Files\19.0\Adds\Forms\frmSelectSub.cs"
"C:\Users\kidsg\Downloads\Documentation\ADDS Original Files\19.0\Adds\Forms\frmSelectSub.Designer.cs","Adds","Using","C:\Users\kidsg\Downloads\Documentation\ADDS Original Files\19.0\Adds\Forms\frmSelectSub.Designer.cs"
"Adds.frmSelectSub","Adds.frmSelectSub.Dispose","MethodCall","C:\Users\kidsg\Downloads\Documentation\ADDS Original Files\19.0\Adds\Forms\frmSelectSub.Designer.cs"
"Adds.frmSelectSub","Adds.frmSelectSub.InitializeComponent","MethodCall","C:\Users\kidsg\Downloads\Documentation\ADDS Original Files\19.0\Adds\Forms\frmSelectSub.Designer.cs"
"C:\Users\kidsg\Downloads\Documentation\ADDS Original Files\19.0\Adds\Forms\frmSpecialSub.cs","Adds","Using","C:\Users\kidsg\Downloads\Documentation\ADDS Original Files\19.0\Adds\Forms\frmSpecialSub.cs"
"Adds.frmSpecialSub","Form","Inheritance","C:\Users\kidsg\Downloads\Documentation\ADDS Original Files\19.0\Adds\Forms\frmSpecialSub.cs"
"Adds.frmSpecialSub","Adds.frmSpecialSub.label4_Click","MethodCall","C:\Users\kidsg\Downloads\Documentation\ADDS Original Files\19.0\Adds\Forms\frmSpecialSub.cs"
"Adds.frmSpecialSub","Adds.frmSpecialSub.PopulateSubstations","MethodCall","C:\Users\kidsg\Downloads\Documentation\ADDS Original Files\19.0\Adds\Forms\frmSpecialSub.cs"
"Adds.frmSpecialSub","Adds.frmSpecialSub.cboSubstations_SelectedIndexChanged","MethodCall","C:\Users\kidsg\Downloads\Documentation\ADDS Original Files\19.0\Adds\Forms\frmSpecialSub.cs"
"Adds.frmSpecialSub","Adds.frmSpecialSub.cboFacID_SelectedIndexChanged","MethodCall","C:\Users\kidsg\Downloads\Documentation\ADDS Original Files\19.0\Adds\Forms\frmSpecialSub.cs"
"Adds.frmSpecialSub","Adds.frmSpecialSub.DoesSubStationDrawingExist","MethodCall","C:\Users\kidsg\Downloads\Documentation\ADDS Original Files\19.0\Adds\Forms\frmSpecialSub.cs"
"Adds.frmSpecialSub","Adds.frmSpecialSub.btnCheckSLDName_Click","MethodCall","C:\Users\kidsg\Downloads\Documentation\ADDS Original Files\19.0\Adds\Forms\frmSpecialSub.cs"
"Adds.frmSpecialSub","Adds.frmSpecialSub.btnAdd_Click","MethodCall","C:\Users\kidsg\Downloads\Documentation\ADDS Original Files\19.0\Adds\Forms\frmSpecialSub.cs"
"Adds.frmSpecialSub","Adds.frmSpecialSub.FacID","PropertyAccess","C:\Users\kidsg\Downloads\Documentation\ADDS Original Files\19.0\Adds\Forms\frmSpecialSub.cs"
"Adds.frmSpecialSub","Adds.frmSpecialSub.AddsSLDDwg","PropertyAccess","C:\Users\kidsg\Downloads\Documentation\ADDS Original Files\19.0\Adds\Forms\frmSpecialSub.cs"
"Adds.frmSpecialSub","Adds.frmSpecialSub.AddsPanelName","PropertyAccess","C:\Users\kidsg\Downloads\Documentation\ADDS Original Files\19.0\Adds\Forms\frmSpecialSub.cs"
"Adds.frmSpecialSub","Adds.frmSpecialSub.EMBPanelName","PropertyAccess","C:\Users\kidsg\Downloads\Documentation\ADDS Original Files\19.0\Adds\Forms\frmSpecialSub.cs"
"C:\Users\kidsg\Downloads\Documentation\ADDS Original Files\19.0\Adds\Forms\frmSpecialSub.Designer.cs","Adds","Using","C:\Users\kidsg\Downloads\Documentation\ADDS Original Files\19.0\Adds\Forms\frmSpecialSub.Designer.cs"
"Adds.frmSpecialSub","Adds.frmSpecialSub.Dispose","MethodCall","C:\Users\kidsg\Downloads\Documentation\ADDS Original Files\19.0\Adds\Forms\frmSpecialSub.Designer.cs"
"Adds.frmSpecialSub","Adds.frmSpecialSub.InitializeComponent","MethodCall","C:\Users\kidsg\Downloads\Documentation\ADDS Original Files\19.0\Adds\Forms\frmSpecialSub.Designer.cs"
"C:\Users\kidsg\Downloads\Documentation\ADDS Original Files\19.0\Adds\Properties\Resources.Designer.cs","Adds.Properties","Using","C:\Users\kidsg\Downloads\Documentation\ADDS Original Files\19.0\Adds\Properties\Resources.Designer.cs"
"Adds.Properties.Resources","Adds.Properties.Resources.ResourceManager","PropertyAccess","C:\Users\kidsg\Downloads\Documentation\ADDS Original Files\19.0\Adds\Properties\Resources.Designer.cs"
"Adds.Properties.Resources","Adds.Properties.Resources.Culture","PropertyAccess","C:\Users\kidsg\Downloads\Documentation\ADDS Original Files\19.0\Adds\Properties\Resources.Designer.cs"
